-- phpMyAdmin SQL Dump
-- version 4.9.5deb2
-- https://www.phpmyadmin.net/
--
-- Host: localhost:3306
-- Generation Time: Apr 01, 2022 at 01:14 PM
-- Server version: 8.0.28-0ubuntu0.20.04.3
-- PHP Version: 7.4.3

SET SQL_MODE = "NO_AUTO_VALUE_ON_ZERO";
SET AUTOCOMMIT = 0;
START TRANSACTION;
SET time_zone = "+00:00";


/*!40101 SET @OLD_CHARACTER_SET_CLIENT=@@CHARACTER_SET_CLIENT */;
/*!40101 SET @OLD_CHARACTER_SET_RESULTS=@@CHARACTER_SET_RESULTS */;
/*!40101 SET @OLD_COLLATION_CONNECTION=@@COLLATION_CONNECTION */;
/*!40101 SET NAMES utf8mb4 */;

--
-- Database: `sudo_meds`
--
CREATE DATABASE IF NOT EXISTS `sudo_meds` DEFAULT CHARACTER SET utf8mb4 COLLATE utf8mb4_0900_ai_ci;
USE `sudo_meds`;

-- --------------------------------------------------------

--
-- Table structure for table `auth`
--

CREATE TABLE `auth` (
  `id` int NOT NULL,
  `phrase` varchar(40) NOT NULL,
  `DataInit` datetime NOT NULL DEFAULT CURRENT_TIMESTAMP
) ENGINE=InnoDB DEFAULT CHARSET=utf8mb4 COLLATE=utf8mb4_0900_ai_ci;

--
-- Dumping data for table `auth`
--

INSERT INTO `auth` (`id`, `phrase`, `DataInit`) VALUES
(1, 'SuperSim22', '2022-02-03 11:41:36');

-- --------------------------------------------------------

--
-- Table structure for table `drugs`
--

CREATE TABLE `drugs` (
  `id` int NOT NULL,
  `DrugName` varchar(45) CHARACTER SET utf8 COLLATE utf8_general_ci DEFAULT NULL,
  `Dose` text NOT NULL,
  `Barcode` varchar(12) DEFAULT NULL
) ENGINE=InnoDB DEFAULT CHARSET=utf8mb3;

--
-- Dumping data for table `drugs`
--

INSERT INTO `drugs` (`id`, `DrugName`, `Dose`, `Barcode`) VALUES
(2, 'KCl 20 mEq in NSS 500 ml', '', '10000007'),
(3, 'KCl 20 mEq in NSS 250 mL', '', '10000014'),
(4, 'NaCl 0.9% - 1000 mL', '', '10000038'),
(5, 'NaCl 0.9% - 500 mL', '', '10000045'),
(6, 'NaCl 0.9% - 250 mL', '', '10000052'),
(7, 'NaCl 0.9% - 100 mL', '', '10000069'),
(8, 'NaCl 0.9% - 50 mL', '', '10000076'),
(9, 'Insulin 100 u / NaCl 0.9% - 100 mL', '', '10000083'),
(10, 'acetaminophen 325 mg tab', '', '10000090'),
(11, 'nimodipine 30 mg tablets', '', '10000106'),
(12, 'metoprolol 50mg', '', '10000113'),
(13, 'acetaminophen 80 mg tablets', '', '10000120'),
(14, 'pantoprazole 20mg tablets', '', '10000137'),
(15, 'multivitamin tablets', '', '10000151'),
(16, 'propranolol 10 mg tablets ', '', '10000168'),
(17, 'spironolactone 100 mg tablets ', '', '10000175'),
(18, 'docusate 100 mg tablets', '', '10000182'),
(19, 'furosemide 40 mg tablets ', '', '10000199'),
(20, 'levatiracetam 500 mg / 50 mL bag ', '', '10000205'),
(21, 'Lactulose 20 gm/30 mL - small, round tan cups', '', '10000229'),
(22, 'phenylephrine 50 mg /500 mL bag', '', '10000236'),
(23, 'pantoprazole 40mg/ 10ml', '', '10001219'),
(24, 'morphine 1 mg / mL vial', '', '10001226'),
(25, 'ondansetron 2mg /ml', '', '10001233'),
(26, 'Albuterol inhaler', '', '10001240'),
(27, 'pedialyte lemon lime 180ml', '', '10001257'),
(28, 'Ibuprofen 200mg tablet', '', '10001264'),
(29, 'pedialyte fruit punch 180 mL', '', '10001264'),
(30, 'magnesium hydroxide 30ml', '', '10001271'),
(31, 'methlergonovine .2mg/ml', '', '10001288'),
(32, '1000mL Lactated Ringers', '', '10001295'),
(33, 'Oxytocin 30u / 500ml in LR', '', '10001301'),
(34, 'Oxytocin 20u/1000ml in LR', '', '10001318'),
(35, 'Ampicillin 100 mg - 50 mL bag', '', '10001325'),
(36, 'cefotaxime 1 gm/50 mL', '', '10001332'),
(37, 'Nitroglycerine 0.4 mg', '', '303614725810'),
(38, 'Oxycodone 5/325', '', '303614755817'),
(39, 'metformin 500 mg', '', '322753835857'),
(40, 'Heparin 1 Ku/ml', '', '336825847217'),
(41, 'Heparin 10 Ku/ml', '', '336825847224'),
(42, 'Oral Swabs', '', '616784121826'),
(43, 'surgical sponges', '', '616784334219'),
(44, 'Lo Mein', '', 'm'),
(45, 'Pizza', '', 'p'),
(46, 'acetaminophen 10 mg oral', '', '10001349'),
(47, 'acetaminophen 300mg supository', '', '10001356'),
(48, 'benzocaine spray', '', '10001363'),
(60, 'acetaminophen 80 mg - TAB', '', '69168002330'),
(61, 'acetaminophen 325 mg - TAB', '', '69168023460'),
(62, 'acetaminophen 325 mg - SUPPOSITORY', '', '00472120206'),
(63, 'acetaminophen 500 mg - CAP', '', '00113002571'),
(64, 'acetaminophen 650 mg - TAB', '', '00363034080'),
(65, 'acetaminophen 650 mg - SUPPOSITORY', '', '00472120350'),
(66, 'albuterol 90 mcg - INHALER', '', '10001240'),
(67, 'albuterol/ipratropium 3 mg/0.5 mg - SOLU', '', '304870201100'),
(68, 'albuterol sulfate 2.5 mg in 3 mL - SOLU', '', '4950269785'),
(69, 'amiodarone 200 mg - TAB', '', '00093913306'),
(70, 'amiodarone hydrochloride 150 mg in 100 mL - S', '', '00143987510'),
(71, 'ampicillin 100 mg - 50 mL bag', '', '10001325'),
(72, 'ampicillin sodium 150 mg per mL - INJ', '', '00049002428'),
(73, 'ARIPiprazole 10 mg tab', '', '00093758056'),
(74, 'aspirin 81 mg - TAB', '', '00280210020'),
(75, 'aspirin 81 mg (chewable)', '', '306030024369'),
(76, 'aspirin 325 mg - TAB', '', '00067014922'),
(77, 'atorvastatin(practi-LIPIT) 10 mg tab', '', '55426114'),
(78, 'atropine sulfate 1 mg prefilled syringe', '', '010030548333'),
(79, 'baclophen 20 mg TAB', '', '00378302405'),
(80, 'benazepril (practi-LOTEN) 20 mg', '', '35690528'),
(81, 'benzocaine 200 mg - SPRAY', '', '00283067902'),
(82, 'benztropine 1 mg - TAB', '', '00603243410'),
(83, 'benztropin 1 mg per mL - INJ', '', '64725001201'),
(84, 'betadine 10% - DO NOT USE ON MANIKINS', '', '367618150047'),
(85, 'bisacodyl 10 mg - SUPPOSITORY', '', '00363046631'),
(86, 'blood IV Set', '', '+M3351420028'),
(87, 'blood tubing', '', '+M3354602580'),
(88, 'bumetanide 1 mg', '', '15645319'),
(89, 'bumetanide 0.25 mg per mL - INJ', '', '55154035805'),
(90, 'bupropion (WELLB) 100 mg tab', '', '77325686'),
(91, 'calcium chloride 13 mEq prefilled syringe', '', '010030548330'),
(92, 'calcium gluconate 10% 1 g in 10 mL - INJ', '', '44756208'),
(93, 'captopril 25mg tab', '', '0904504661'),
(94, 'castile soap', '', '+H776D419002'),
(95, 'ceFAZolin sodium 1 g in 50 mL - SOLU', '', '35698760'),
(96, 'ceFAZolin sodium 2 g in 50 mL - SOLU', '', '00264310511'),
(97, 'cefotaxime 2 g in 50 mL - SOLU', '', '00143993325'),
(98, 'ciprofloxacin 400 mg in 40 mL - SOLU', '', '21695091440'),
(99, 'ciprofloxacin 500 mg - TAB', '', '00143992805'),
(100, 'clindamycin 300 mg - CAPSULE', '', '00009039514'),
(101, 'clopidogrel 75 mg - TAB', '', '00093731405'),
(102, 'cyanocobalamin 1000 mcg per mL', '', '10001455'),
(103, 'D5 0.5 NSS w/ KCL 40 mEq 1000 mL', '', '10002025'),
(104, 'D5 Lactated Ringers 1000 mL', '', '10002049'),
(105, 'D5 NSS w/ 20 mEq KCl', '', '10001974'),
(106, 'D5 NSS w/ 40 mEq 1000ml', '', '10001981'),
(107, 'D5W 0.25%', '', '10002032'),
(108, 'dexamethasone 4 mg per mL INJ', '', '00069017902'),
(109, 'dextrose 5% and NaCl 0.25% - INJ', '', '00264751000'),
(110, 'diazePAM 5 mg per mL', '', '61786078208'),
(111, 'digoxin 0.25 mg tab', '', '10120125CANC'),
(112, 'dilTIAZem 240 mg - TAB', '', '00187204730'),
(113, 'diphenhydrAMINE 25 mg per mL - LIQUID', '', '00363041804'),
(114, 'divalproex sodium 500 mg - TAB', '', '00074712611'),
(115, 'docusate sodium 100 mg - CAPSULE', '', '00597001601'),
(116, 'docusate/senna 50 mg/8.6 mg', '', '42576891'),
(117, 'donepezil hydrochloride 10 mg - TAB', '', '00143974809'),
(118, 'DOPamine 400 mg in 250 mL', '', '303381007027'),
(119, 'Drug Guide', '', '978080365705'),
(120, 'DULoxetine 40 mg - CAPSULE', '', '27437029806'),
(121, 'enoxaparin sodium 40 mg in 0.4 mL - INJ', '', '00075062041'),
(122, 'EPINEPHrine 0.1 mg per mL - INJ', '', '54868572500'),
(123, 'famotidine 10 mg per mL - INJ', '', '67457043322'),
(124, 'fentaNYL 50 mcg - PATCH', '', '00378912298'),
(125, 'fentaNYL 50 mcg per mL - SOLU', '', '00409909332'),
(126, 'fentynl 50 mcg per hour - Demo Dose', '', '664113331057'),
(127, 'ferrous sulfate 325 mg - TAB', '', '54738096313'),
(128, 'fluticasone/salmeterol 250/50 mcg - DPI', '', '70518053800'),
(129, 'fluticasone/salmeterol 500/50 mcg - DPI', '', '10001707'),
(131, 'furosemide 10 mg per mL', '', '00054329450'),
(132, 'furosemide 20 mg - TAB', '', '00039006710'),
(133, 'gabapentin 300 mg - TAB', '', '00378542705'),
(134, 'glipiZIDE 5 mg - TAB', '', '00049017402'),
(135, 'glycerin - SUPPOSITORY', '', '00363044025'),
(136, 'haloperidol 2 mg - TAB', '', '00378021401'),
(137, 'haloperidol 5 mg - TAB', '', '00378032701'),
(138, 'haloperidol 10 mg - TAB', '', '00378033401'),
(139, 'haloperidol 2 mg per mL - SOLU', '', '00093960412'),
(140, 'haloperidol 5 mg per mL - SOLU', '', '00069011302'),
(141, 'hand foam', '', '25469002419'),
(142, 'hand foam 1 can', '', '025469002419'),
(143, 'heparin 1000 units per mL - INJ', '', '00069004301'),
(144, 'heparin 5000 units per mL - INJ', '', '00069005902'),
(145, 'heparin 10000 units per mL - INJ', '', '00069006201'),
(146, 'heparin 25000 units in 250 mL D5W', '', '00069023201'),
(147, 'hydroCHLOROthiazide 12.5 mg - CAPSULE', '', '00143312501'),
(148, 'HYDROmorphone 1 mg per mL - INJ', '', '94365252'),
(149, 'hydrOXYzine 50 mg - TAB', '', '00093506201'),
(150, 'ibuprofen 200 mg - TAB', '', '00113007471'),
(151, 'ibuprofen 800 mg - TAB', '', '00179011990'),
(152, 'insulin aspart (Novolog) 100 units per mL - I', '', '46818751'),
(153, 'insulin detemir (Levemir) 100 units per mL - ', '', '85672000'),
(154, 'insulin glargine (Lantus) 100 units per mL - ', '', '0088221905'),
(155, 'insulin NPH 100 units per mL - INJ', '', '355120536428'),
(156, 'insulin R 100 units per mL - INJ', '', '00002751001'),
(157, 'insulin R 250 units in 250 mL - SOLU', '', '54868361900'),
(158, 'Isosource food', '', '043900181509'),
(159, 'KCl 10 mEq in 0.9% NaCl 50 mL - SOLU', '', '04099707426'),
(160, 'KCl 20 mEq in 5% Dextrose and 0.45% NaCl 50 m', '', '02647623'),
(161, 'KCl 20 mEq in 0.9% NaCl 500 mL - SOLU', '', '0409711609'),
(162, 'labetalol hydrochloride 5 mg per mL - INJ', '', '00143962301'),
(163, 'labetalol hydrochloride 200 mg - TAB', '', '00172436560'),
(164, 'Lactated Ringers 1000 mL - SOLU', '', '00409795309'),
(165, 'Lactated Ringers 1000 mL', '', '10001295'),
(166, 'Lactated Ringers 1000 mL', '', '10001950'),
(167, 'Lactated Ringers 500 mL - SOLU', '', '00409795303'),
(168, 'Lactated Ringers 500 mL', '', '10001967'),
(169, 'levETIRAcetam 500 mg per 50 mL - SOLU', '', '13668027210'),
(170, 'levoFLOXacin 500 mg in 0.9% NaCl 100 mL - SOL', '', '10001400'),
(171, 'levoFLOXacin 750 mg - TAB', '', '00143977505'),
(172, 'levoFLOXacin 750 mg in 0.9% NaCl 50 mL - SOLU', '', '00143972024'),
(173, 'lidocaine HCL 2% 100 mg syringe', '', '010030409132'),
(174, 'lipitor 80 mg', '', '22215635'),
(175, 'lisinopril 5 mg - TAB', '', '00006001954'),
(176, 'lisinopril 10 mg - TAB', '', '00006010654'),
(177, 'lisinopril 20 mg - TAB', '', '00006020754'),
(178, 'lithium 450 mg - TAB', '', '00054002025'),
(180, 'LORazepam 0.5 mg - TAB', '', '00591024010'),
(181, 'LORazepam 1 mg - TAB', '', '00179016330'),
(182, 'LORazepam 2 mg - TAB', '', '00187006550'),
(183, 'LORazepam 2 mg per mL - SOLU', '', '00054353244'),
(184, 'losartan 50 mg - TAB', '', '00093736510'),
(185, 'magnesium hydroxide 200 mg per 5 mL - SUSPENS', '', '00054356749'),
(186, 'magnesium sulfate 4 g in 100 mL - SOLU', '', '00409672909'),
(187, 'magnesium sulfate 30 g in 500 mL - SOLU', '', '52533009929'),
(188, 'mannitol 20% 50 g in 50 mL - SOLU', '', '00264230350'),
(189, 'MATERNITY PAD', '', '011069439313'),
(190, 'memantine 5 g - TAB', '', '00378110391'),
(191, 'metFORMIN 500 mg - TAB', '', '00185021305'),
(192, 'metFORMIN - 850 mg - TAB', '', '23155010305'),
(193, 'methlergonovine 0.2 mg per mL - INJ', '', '00517074020'),
(194, 'methylPREDNISOLONE 125 mg per mL - INJ', '', '9004722'),
(195, 'metoprolol 25 mg - TAB', '', '00186108805'),
(196, 'metoprolol 50 mg - TAB', '', '00186109005'),
(197, 'miralax', '', '350383779162'),
(198, 'MiraLAX 1 g/mL', '', '99123451'),
(199, 'montelukast sodium 10 mg - TAB', '', '00006911731'),
(200, 'morphine sulfate 1 mg per mL - INJ', '', '52533016004'),
(201, 'morphine sulfate 1 mg per mL - SOLU', '', '00409381512'),
(202, 'morphine sulfate 100 mg - TAB', '', '68084040601'),
(203, 'multivitamin - TAB', '', '68308050260'),
(204, 'NaCl 5% - ophthalmic SOLU', '', '309046490357'),
(205, 'NaCl 0.9% - 1000 mL', '', '10000038'),
(206, 'NaCl 0.9% - 500 mL', '', '010030409613'),
(207, 'NaCl 0.9% - 500 mL', '', '10000045'),
(208, 'NaCl 0.9% - 250 mL', '', '10000052'),
(209, 'NaCl 0.9% - 100 mL', '', '10000069'),
(210, 'NaCl 0.9% - 50 mL', '', '10000076'),
(211, 'NaCl 0.65% - NASAL SPRAY', '', '050428311806'),
(212, 'NaCl 0.45% - 1000 mL', '', '10001905'),
(213, 'NaCl 0.45% - 500 mL', '', '10001912'),
(214, 'NaCl 0.45% - 250 mL', '', '10001929'),
(215, 'NaCl 0.45% - 100 mL', '', '10001936'),
(216, 'NaCl 0.45% - 50 mL', '', '10001943'),
(217, 'nicotine patch 21 mg', '', '84671110'),
(218, 'niMODipine 30 mg - CAPSULE', '', '00904656604'),
(219, 'NITRO-BID applicator', '', '301680326306'),
(220, 'NITRO-BID ointment USP 2%', '', '302810326302'),
(221, 'nitroglycerin 0.4 mg - TAB', '', '00071041824'),
(222, 'norEPINEPHrine 8 mg in 5% Dextrose 250 mL - S', '', '00409144325'),
(223, 'OLANZapine 5 mg - TAB', '', '00002411730'),
(224, 'OLANZapine 10 mg - TAB', '', '00002411730'),
(225, 'omeprozole 40 mg - CAPSULE', '', '00378522293'),
(226, 'ondansetron 2 mg per mL', '', '00069134002'),
(227, 'ondansetron 2 mg per mL', '', '10001233'),
(228, 'ondansetron 4 mg - TAB', '', '00143242201'),
(229, 'oral swabs', '', '616784121826'),
(230, 'oxyCODONE 5 mg - TAB', '', '00378611201'),
(231, 'oxyCODONE/acetaminophen 5/325 mg - TAB', '', '16590061990'),
(232, 'oxytocin 20 units in 1000 mL LR - SOLU', '', '52533005030'),
(233, 'oxytocin 30 units in 500 mL LR - SOLU', '', '52533005430'),
(234, 'pantoprazole 40 mg - TAB', '', '00008060704'),
(235, 'pantoprazole 40 mg per 10 mL - INJ', '', '00008094103'),
(236, 'Pedialyte lemon lime 180 ml', '', '10001257'),
(237, 'phenylephrine hydrochloride 50 mg in 500 mL -', '', '00641614225'),
(238, 'piperacillin sodium 1 g in 50 mL D5W - INJ', '', '67457052122'),
(239, 'piperacillin and tazobactam 3.375 g per 50 mL', '', '00206240502'),
(240, 'pneumococcal vaccine - INJ', '', '00005197101'),
(241, 'polyethylene glycol 17 mg - POWDER', '', '11523435701'),
(242, 'potassium chloride 10 mEq in NaCl 0.9% - INJ', '', '00409707426'),
(243, 'potassium chloride 20 mEq in 500 mL 0.9% NaCl', '', '22235466'),
(244, 'predniSONE 10 mg - TAB', '', '63739051910'),
(245, 'tubing - primary', '', '+M3351468728'),
(246, 'promethazine 25 mg per mL - INJ', '', '00641092825'),
(247, 'propranolol 10 mg TABs', '', '10000168'),
(248, 'quail', '', 'q'),
(249, 'rosuvastatin 20 mg - TAB', '', '00310075290'),
(250, 'safety needle 22 g', '', '100382903059'),
(251, 'scopolamine 1.5 mg - PATCH', '', ' 4580258001'),
(252, 'screen cleaning wipes', '', '735854873516'),
(253, 'secondary tubing', '', '+M3351423028'),
(254, 'senna glycoside 20 mg - TAB', '', '42982444101'),
(255, 'simvastatin 20 mg - TAB', '', '00006074054'),
(256, 'spironolactone 100 mg TABs', '', '10000175'),
(257, 'sponges - cover', '', '011088452105'),
(258, 'sponges - drain', '', '011088452701'),
(259, 'sponges - gauze', '', '011088452105'),
(260, 'surgical sponges', '', '616784334219'),
(261, 'synthroid 1.25 mcg', '', '94215441'),
(262, 'syringe 3 mL', '', '010038290309'),
(263, 'syringe - flush 3 mL', '', '013088452100'),
(264, 'syringe - flush 10 mL', '', '011088452100'),
(265, 'syringe 20 mL', '', '010038290309'),
(266, 'syringe - insulin', '', '010038290305'),
(267, 'syringe - test', '', '59'),
(268, 'terahydroanninol - 50mg', '', 'th'),
(269, 'temazapam 15 mg cap', '', '664113930236'),
(270, 'timolol maleate 0.5%', '', '10001448'),
(271, 'traZODone 50 mg - TAB', '', '00603616002'),
(272, 'valproic acid 250 mg - TAB', '', '00074568113'),
(273, 'valproic acid 500 mg tab', '', '66662303'),
(274, 'warfarin (COUMA) 5 mg tab', '', '11236405'),
(275, 'warfarin sodium 5 mg - TAB', '', '00056017201'),
(276, 'DEMO LSAI 20MG', '', '664113100028'),
(278, 'nopeadone', '', 'n'),
(279, 'cyanocobalamin 1000 mcg/mL', '1000 mcg/mL', '00143961910'),
(280, 'dalteparin sodium 5000u / 0.2mL', '5000u / 0.2mL', '00069019602'),
(281, 'insulin aspart 100 units / 100mL', '100 units', '00169330391'),
(282, 'DOBUTamine 500 mg / 250 mL D5W', '500 mg', '00409372432'),
(283, 'vancomycin hydrochloride 1g / 250mL', '1g', '00409653501');

-- --------------------------------------------------------

--
-- Table structure for table `drug_admins`
--

CREATE TABLE `drug_admins` (
  `id` int NOT NULL,
  `DrugID` int NOT NULL,
  `DrugName` varchar(40) NOT NULL,
  `PatientID` int NOT NULL,
  `UserID` int NOT NULL,
  `UserInitals` varchar(16) NOT NULL,
  `AdminTime` varchar(20) NOT NULL,
  `RealTime` timestamp NOT NULL DEFAULT CURRENT_TIMESTAMP
) ENGINE=InnoDB DEFAULT CHARSET=utf8mb4 COLLATE=utf8mb4_0900_ai_ci;

--
-- Dumping data for table `drug_admins`
--

INSERT INTO `drug_admins` (`id`, `DrugID`, `DrugName`, `PatientID`, `UserID`, `UserInitals`, `AdminTime`, `RealTime`) VALUES
(10, 44, 'Lo Mein', 2, 3, 'Mary', '0700', '2022-01-13 18:49:11'),
(13, 114, 'divalproex sodium 500 mg - TAB', 55, 835, 'Nicholai', '0700', '2022-01-13 21:38:24'),
(17, 179, 'Lo Mein', 1, 2, 'Miles', '0700', '2022-01-18 18:49:01'),
(18, 179, 'Lo Mein', 1, 2, 'Miles', '0700', '2022-01-19 15:07:39'),
(19, 179, 'Lo Mein', 1, 2, 'Miles', '0700', '2022-01-19 15:08:37'),
(20, 179, 'Lo Mein', 1, 2, 'Miles', '0700', '2022-01-19 15:09:40'),
(21, 179, 'Lo Mein', 1, 2, 'Miles', '0700', '2022-01-19 15:11:17'),
(25, 248, 'quail', 57, 2, 'Miles', '0700', '2022-01-20 18:50:07'),
(46, 45, 'Pizza', 58, 2, 'Miles', '02/05/22 :????', '2022-02-05 19:42:45'),
(64, 73, 'ARIPiprazole 10 mg tab', 58, 887, 'Jana', '02/13/22 :????', '2022-02-13 16:03:03'),
(121, 134, 'glipiZIDE 5 mg - TAB', 13, 1006, 'Vanessa', '03/02/22 :0257', '2022-03-02 15:56:15'),
(132, 74, 'aspirin 81 mg - TAB', 25, 1019, 'Amanda', '03/04/22 0820', '2022-03-04 19:08:26'),
(133, 177, 'lisinopril 20 mg - TAB', 25, 1019, 'Amanda', '03/04/22 0820', '2022-03-04 19:08:42'),
(134, 61, 'acetaminophen 325 mg - TAB', 25, 1019, 'Amanda', '03/04/22 0833', '2022-03-04 19:20:43'),
(135, 61, 'acetaminophen 325 mg - TAB', 25, 1019, 'Amanda', '03/04/22 :????', '2022-03-04 19:21:19'),
(144, 156, 'insulin R 100 units per mL - INJ', 40, 1027, 'Kiauna', '03/09/22 :????', '2022-03-09 13:26:49'),
(145, 156, 'insulin R 100 units per mL - INJ', 40, 1027, 'Kiauna', '03/09/22 :????', '2022-03-09 13:27:26'),
(146, 161, 'KCl 20 mEq in 0.9% NaCl 500 mL - SOLU', 40, 1026, 'bhawana', '03/09/22 :????', '2022-03-09 13:39:14'),
(147, 161, 'KCl 20 mEq in 0.9% NaCl 500 mL - SOLU', 40, 1029, 'Yashoda', '03/09/22 :????', '2022-03-09 14:58:04'),
(148, 156, 'insulin R 100 units per mL - INJ', 40, 1029, 'Yashoda', '03/09/22 :????', '2022-03-09 15:10:19'),
(149, 61, 'acetaminophen 325 mg - TAB', 44, 1031, 'Kaitlyn', '03/09/22 :????', '2022-03-09 17:05:57'),
(150, 61, 'acetaminophen 325 mg - TAB', 44, 1031, 'Kaitlyn', '03/09/22 :????', '2022-03-09 17:06:10'),
(151, 97, 'cefotaxime 2 g in 50 mL - SOLU', 44, 1031, 'Kaitlyn', '03/09/22 :????', '2022-03-09 17:06:41'),
(152, 232, 'oxytocin 20 units in 1000 mL LR - SOLU', 4, 902, 'WhiteRN', '03/10/22 :0700', '2022-03-10 12:55:05'),
(153, 193, 'methlergonovine 0.2 mg per mL - INJ', 4, 902, 'WhiteRN', '03/10/22 :0700', '2022-03-10 13:22:56'),
(154, 150, 'ibuprofen 200 mg - TAB', 4, 902, 'WhiteRN', '03/10/22 :0700', '2022-03-10 13:24:57'),
(155, 150, 'ibuprofen 200 mg - TAB', 4, 902, 'WhiteRN', '03/10/22 :0700', '2022-03-10 13:25:09'),
(172, 61, 'acetaminophen 325 mg - TAB', 5, 1035, 'Maggie', '03/17/22 :0800', '2022-03-17 12:25:08'),
(173, 61, 'acetaminophen 325 mg - TAB', 5, 1035, 'Maggie', '03/17/22 :0800', '2022-03-17 12:25:21'),
(174, 61, 'acetaminophen 325 mg - TAB', 5, 1035, 'Maggie', '03/17/22 :0800', '2022-03-17 12:25:36'),
(175, 61, 'acetaminophen 325 mg - TAB', 5, 1035, 'Maggie', '03/17/22 :0800', '2022-03-17 12:25:59'),
(176, 127, 'ferrous sulfate 325 mg - TAB', 5, 1035, 'Maggie', '03/17/22 :0800', '2022-03-17 12:26:12'),
(177, 113, 'diphenhydrAMINE 25 mg per mL - LIQUID', 5, 1035, 'Maggie', '03/17/22 :0820', '2022-03-17 12:46:14'),
(178, 113, 'diphenhydrAMINE 25 mg per mL - LIQUID', 5, 1035, 'Maggie', '03/17/22 :0820', '2022-03-17 12:46:31'),
(179, 60, 'acetaminophen 80 mg - TAB', 35, 900, 'GreenCRNA', '03/17/22 :1100', '2022-03-17 14:10:49'),
(186, 146, 'heparin 25000 units in 250 mL D5W', 28, 925, 'fgj', '03/17/22 :0700', '2022-03-17 17:19:46'),
(187, 231, 'oxyCODONE/acetaminophen 5/325 mg - TAB', 28, 896, 'BlueBadge', '03/17/22 :????', '2022-03-17 17:44:05'),
(188, 231, 'oxyCODONE/acetaminophen 5/325 mg - TAB', 28, 896, 'BlueBadge', '03/17/22 :????', '2022-03-17 17:44:11'),
(189, 123, 'famotidine 10 mg per mL - INJ', 28, 896, 'BlueBadge', '03/17/22 :????', '2022-03-17 17:46:22'),
(190, 69, 'amiodarone 200 mg - TAB', 28, 896, 'BlueBadge', '03/17/22 :????', '2022-03-17 17:54:45'),
(191, 89, 'bumetanide 0.25 mg per mL - INJ', 28, 896, 'BlueBadge', '03/17/22 :????', '2022-03-17 17:55:50'),
(192, 64, 'acetaminophen 650 mg - TAB', 5, 925, 'fgj', '03/18/22 :????', '2022-03-18 11:59:23'),
(193, 64, 'acetaminophen 650 mg - TAB', 5, 925, 'fgj', '03/18/22 :????', '2022-03-18 12:00:28'),
(197, 205, 'NaCl 0.9% - 1000 mL', 54, 899, 'BlueBadgeEd', '03/18/22 1900', '2022-03-18 14:19:28'),
(198, 64, 'acetaminophen 650 mg - TAB', 54, 899, 'BlueBadgeEd', '03/18/22 1900', '2022-03-18 14:28:05'),
(199, 69, 'amiodarone 200 mg - TAB', 28, 896, 'BlueBadge', '03/18/22 :????', '2022-03-18 15:00:42'),
(200, 231, 'oxyCODONE/acetaminophen 5/325 mg - TAB', 28, 896, 'BlueBadge', '03/18/22 :????', '2022-03-18 15:00:54'),
(201, 69, 'amiodarone 200 mg - TAB', 28, 896, 'BlueBadge', '03/18/22 :????', '2022-03-18 18:00:16'),
(202, 69, 'amiodarone 200 mg - TAB', 28, 896, 'BlueBadge', '03/18/22 :????', '2022-03-18 18:00:32'),
(203, 69, 'amiodarone 200 mg - TAB', 28, 896, 'BlueBadge', '03/18/22 :????', '2022-03-18 18:00:46'),
(204, 231, 'oxyCODONE/acetaminophen 5/325 mg - TAB', 28, 896, 'BlueBadge', '03/18/22 :????', '2022-03-18 18:26:58'),
(211, 44, 'Lo Mein', 57, 4, 'Lao', '800 - 03/22/22', '2022-03-22 17:31:43'),
(225, 45, 'Pizza', 6, 4, 'Lao', '800 - 03/23/22', '2022-03-23 11:58:14'),
(226, 268, 'terahydroanninol - 50mg', 6, 4, 'Lao', '800 - 03/23/22', '2022-03-23 14:19:54'),
(227, 278, 'nopeadone', 6, 4, 'Lao', '800 - 03/23/22', '2022-03-23 14:51:11'),
(228, 268, 'terahydroanninol - 50mg', 6, 4, 'Lao', '800 - 03/23/22', '2022-03-23 14:51:28'),
(229, 278, 'nopeadone', 57, 2, 'Miles', '800 - 03/23/22', '2022-03-23 18:28:55'),
(230, 278, 'nopeadone', 57, 2, 'Miles', '800 - 03/23/22', '2022-03-23 18:29:23'),
(231, 45, 'Pizza', 57, 2, 'Miles', '800 - 03/23/22', '2022-03-23 18:32:00'),
(233, 96, 'ceFAZolin sodium 2 g in 50 mL - SOLU', 59, 896, 'BlueBadge', '0800 - 03/27/22', '2022-03-27 12:18:24'),
(234, 201, 'morphine sulfate 1 mg per mL - SOLU', 59, 896, 'BlueBadge', '0815 - 03/27/22', '2022-03-27 12:33:49'),
(236, 268, 'terahydroanninol - 50mg', 6, 4, 'Lao', '800 - 03/28/22', '2022-03-28 14:29:22'),
(297, 244, 'predniSONE 10 mg - TAB', 48, 896, 'BlueBadge', '0800 - 03/30/22', '2022-03-30 18:36:40'),
(298, 128, 'fluticasone/salmeterol 250/50 mcg - DPI', 48, 896, 'BlueBadge', '0805 - 03/30/22', '2022-03-30 18:36:51'),
(299, 66, 'albuterol 90 mcg - INHALER', 48, 896, 'BlueBadge', '0820 - 03/30/22', '2022-03-30 18:49:22'),
(300, 177, 'lisinopril 20 mg - TAB', 48, 896, 'BlueBadge', '0825 - 03/30/22', '2022-03-30 18:54:16'),
(301, 171, 'levoFLOXacin 750 mg - TAB', 48, 896, 'BlueBadge', '0825 - 03/30/22', '2022-03-30 18:54:36'),
(302, 74, 'aspirin 81 mg - TAB', 48, 896, 'BlueBadge', '0825 - 03/30/22', '2022-03-30 18:55:00'),
(303, 196, 'metoprolol 50 mg - TAB', 48, 896, 'BlueBadge', '0826 - 03/30/22', '2022-03-30 18:56:11');

-- --------------------------------------------------------

--
-- Table structure for table `drug_admins_or`
--

CREATE TABLE `drug_admins_or` (
  `id` int NOT NULL,
  `DrugID` int NOT NULL,
  `DrugName` varchar(40) NOT NULL,
  `PatientID` int NOT NULL,
  `UserID` int NOT NULL,
  `UserInitals` varchar(16) NOT NULL,
  `AdminTime` varchar(20) NOT NULL,
  `RealTime` timestamp NOT NULL DEFAULT CURRENT_TIMESTAMP
) ENGINE=InnoDB DEFAULT CHARSET=utf8mb4 COLLATE=utf8mb4_0900_ai_ci;

--
-- Dumping data for table `drug_admins_or`
--

INSERT INTO `drug_admins_or` (`id`, `DrugID`, `DrugName`, `PatientID`, `UserID`, `UserInitals`, `AdminTime`, `RealTime`) VALUES
(13, 114, 'divalproex sodium 500 mg - TAB', 55, 835, 'Nicholai', '0700', '2022-01-13 21:38:24'),
(25, 248, 'quail', 57, 2, 'Miles', '0700', '2022-01-20 18:50:07'),
(46, 45, 'Pizza', 58, 2, 'Miles', '02/05/22 :????', '2022-02-05 19:42:45'),
(64, 73, 'ARIPiprazole 10 mg tab', 58, 887, 'Jana', '02/13/22 :????', '2022-02-13 16:03:03'),
(121, 134, 'glipiZIDE 5 mg - TAB', 13, 1006, 'Vanessa', '03/02/22 :0257', '2022-03-02 15:56:15'),
(132, 74, 'aspirin 81 mg - TAB', 25, 1019, 'Amanda', '03/04/22 0820', '2022-03-04 19:08:26'),
(133, 177, 'lisinopril 20 mg - TAB', 25, 1019, 'Amanda', '03/04/22 0820', '2022-03-04 19:08:42'),
(134, 61, 'acetaminophen 325 mg - TAB', 25, 1019, 'Amanda', '03/04/22 0833', '2022-03-04 19:20:43'),
(135, 61, 'acetaminophen 325 mg - TAB', 25, 1019, 'Amanda', '03/04/22 :????', '2022-03-04 19:21:19'),
(144, 156, 'insulin R 100 units per mL - INJ', 40, 1027, 'Kiauna', '03/09/22 :????', '2022-03-09 13:26:49'),
(145, 156, 'insulin R 100 units per mL - INJ', 40, 1027, 'Kiauna', '03/09/22 :????', '2022-03-09 13:27:26'),
(146, 161, 'KCl 20 mEq in 0.9% NaCl 500 mL - SOLU', 40, 1026, 'bhawana', '03/09/22 :????', '2022-03-09 13:39:14'),
(147, 161, 'KCl 20 mEq in 0.9% NaCl 500 mL - SOLU', 40, 1029, 'Yashoda', '03/09/22 :????', '2022-03-09 14:58:04'),
(148, 156, 'insulin R 100 units per mL - INJ', 40, 1029, 'Yashoda', '03/09/22 :????', '2022-03-09 15:10:19'),
(149, 61, 'acetaminophen 325 mg - TAB', 44, 1031, 'Kaitlyn', '03/09/22 :????', '2022-03-09 17:05:57'),
(150, 61, 'acetaminophen 325 mg - TAB', 44, 1031, 'Kaitlyn', '03/09/22 :????', '2022-03-09 17:06:10'),
(151, 97, 'cefotaxime 2 g in 50 mL - SOLU', 44, 1031, 'Kaitlyn', '03/09/22 :????', '2022-03-09 17:06:41'),
(152, 232, 'oxytocin 20 units in 1000 mL LR - SOLU', 4, 902, 'WhiteRN', '03/10/22 :0700', '2022-03-10 12:55:05'),
(153, 193, 'methlergonovine 0.2 mg per mL - INJ', 4, 902, 'WhiteRN', '03/10/22 :0700', '2022-03-10 13:22:56'),
(154, 150, 'ibuprofen 200 mg - TAB', 4, 902, 'WhiteRN', '03/10/22 :0700', '2022-03-10 13:24:57'),
(155, 150, 'ibuprofen 200 mg - TAB', 4, 902, 'WhiteRN', '03/10/22 :0700', '2022-03-10 13:25:09'),
(172, 61, 'acetaminophen 325 mg - TAB', 5, 1035, 'Maggie', '03/17/22 :0800', '2022-03-17 12:25:08'),
(173, 61, 'acetaminophen 325 mg - TAB', 5, 1035, 'Maggie', '03/17/22 :0800', '2022-03-17 12:25:21'),
(174, 61, 'acetaminophen 325 mg - TAB', 5, 1035, 'Maggie', '03/17/22 :0800', '2022-03-17 12:25:36'),
(175, 61, 'acetaminophen 325 mg - TAB', 5, 1035, 'Maggie', '03/17/22 :0800', '2022-03-17 12:25:59'),
(176, 127, 'ferrous sulfate 325 mg - TAB', 5, 1035, 'Maggie', '03/17/22 :0800', '2022-03-17 12:26:12'),
(177, 113, 'diphenhydrAMINE 25 mg per mL - LIQUID', 5, 1035, 'Maggie', '03/17/22 :0820', '2022-03-17 12:46:14'),
(178, 113, 'diphenhydrAMINE 25 mg per mL - LIQUID', 5, 1035, 'Maggie', '03/17/22 :0820', '2022-03-17 12:46:31'),
(179, 60, 'acetaminophen 80 mg - TAB', 35, 900, 'GreenCRNA', '03/17/22 :1100', '2022-03-17 14:10:49'),
(186, 146, 'heparin 25000 units in 250 mL D5W', 28, 925, 'fgj', '03/17/22 :0700', '2022-03-17 17:19:46'),
(187, 231, 'oxyCODONE/acetaminophen 5/325 mg - TAB', 28, 896, 'BlueBadge', '03/17/22 :????', '2022-03-17 17:44:05'),
(188, 231, 'oxyCODONE/acetaminophen 5/325 mg - TAB', 28, 896, 'BlueBadge', '03/17/22 :????', '2022-03-17 17:44:11'),
(189, 123, 'famotidine 10 mg per mL - INJ', 28, 896, 'BlueBadge', '03/17/22 :????', '2022-03-17 17:46:22'),
(190, 69, 'amiodarone 200 mg - TAB', 28, 896, 'BlueBadge', '03/17/22 :????', '2022-03-17 17:54:45'),
(191, 89, 'bumetanide 0.25 mg per mL - INJ', 28, 896, 'BlueBadge', '03/17/22 :????', '2022-03-17 17:55:50'),
(192, 64, 'acetaminophen 650 mg - TAB', 5, 925, 'fgj', '03/18/22 :????', '2022-03-18 11:59:23'),
(193, 64, 'acetaminophen 650 mg - TAB', 5, 925, 'fgj', '03/18/22 :????', '2022-03-18 12:00:28'),
(197, 205, 'NaCl 0.9% - 1000 mL', 54, 899, 'BlueBadgeEd', '03/18/22 1900', '2022-03-18 14:19:28'),
(198, 64, 'acetaminophen 650 mg - TAB', 54, 899, 'BlueBadgeEd', '03/18/22 1900', '2022-03-18 14:28:05'),
(199, 69, 'amiodarone 200 mg - TAB', 28, 896, 'BlueBadge', '03/18/22 :????', '2022-03-18 15:00:42'),
(200, 231, 'oxyCODONE/acetaminophen 5/325 mg - TAB', 28, 896, 'BlueBadge', '03/18/22 :????', '2022-03-18 15:00:54'),
(201, 69, 'amiodarone 200 mg - TAB', 28, 896, 'BlueBadge', '03/18/22 :????', '2022-03-18 18:00:16'),
(202, 69, 'amiodarone 200 mg - TAB', 28, 896, 'BlueBadge', '03/18/22 :????', '2022-03-18 18:00:32'),
(203, 69, 'amiodarone 200 mg - TAB', 28, 896, 'BlueBadge', '03/18/22 :????', '2022-03-18 18:00:46'),
(204, 231, 'oxyCODONE/acetaminophen 5/325 mg - TAB', 28, 896, 'BlueBadge', '03/18/22 :????', '2022-03-18 18:26:58'),
(211, 44, 'Lo Mein', 57, 4, 'Lao', '800 - 03/22/22', '2022-03-22 17:31:43'),
(225, 45, 'Pizza', 6, 4, 'Lao', '800 - 03/23/22', '2022-03-23 11:58:14'),
(226, 268, 'terahydroanninol - 50mg', 6, 4, 'Lao', '800 - 03/23/22', '2022-03-23 14:19:54'),
(227, 278, 'nopeadone', 6, 4, 'Lao', '800 - 03/23/22', '2022-03-23 14:51:11'),
(228, 268, 'terahydroanninol - 50mg', 6, 4, 'Lao', '800 - 03/23/22', '2022-03-23 14:51:28'),
(229, 278, 'nopeadone', 57, 2, 'Miles', '800 - 03/23/22', '2022-03-23 18:28:55'),
(230, 278, 'nopeadone', 57, 2, 'Miles', '800 - 03/23/22', '2022-03-23 18:29:23'),
(231, 45, 'Pizza', 57, 2, 'Miles', '800 - 03/23/22', '2022-03-23 18:32:00'),
(233, 96, 'ceFAZolin sodium 2 g in 50 mL - SOLU', 59, 896, 'BlueBadge', '0800 - 03/27/22', '2022-03-27 12:18:24'),
(234, 201, 'morphine sulfate 1 mg per mL - SOLU', 59, 896, 'BlueBadge', '0815 - 03/27/22', '2022-03-27 12:33:49'),
(236, 268, 'terahydroanninol - 50mg', 6, 4, 'Lao', '800 - 03/28/22', '2022-03-28 14:29:22'),
(237, 278, 'nopeadone', 6, 4, 'Nicholai', '1200 - 03/28/22', '2022-03-28 19:06:45'),
(239, 193, 'methlergonovine 0.2 mg per mL - INJ', 6, 4, 'Nicholai', '800 - 03/29/22', '2022-03-29 12:24:45'),
(240, 193, 'methlergonovine 0.2 mg per mL - INJ', 42, 875, 'Nicholai', '1215 - 03/29/22', '2022-03-29 12:52:20'),
(241, 268, 'terahydroanninol - 50mg', 4, 4, 'Nicholai', '1245 - 03/29/22', '2022-03-29 14:22:54'),
(249, 66, 'albuterol 90 mcg - INHALER', 48, 929, 'Noelani', '0700 - 03/29/22', '2022-03-29 18:31:16'),
(250, 44, 'Lo Mein', 6, 4, 'Nicholai', '800 - 03/29/22', '2022-03-29 18:41:31'),
(251, 268, 'terahydroanninol - 50mg', 6, 4, 'Nicholai', '800 - 03/29/22', '2022-03-29 18:43:46'),
(252, 244, 'predniSONE 10 mg - TAB', 48, 929, 'Noelani', '0800 - 03/29/22', '2022-03-29 18:49:06'),
(253, 244, 'predniSONE 10 mg - TAB', 48, 929, 'Noelani', '0800 - 03/29/22', '2022-03-29 18:49:26'),
(254, 244, 'predniSONE 10 mg - TAB', 48, 929, 'Noelani', '0800 - 03/29/22', '2022-03-29 18:50:43'),
(255, 196, 'metoprolol 50 mg - TAB', 48, 929, 'Noelani', '0800 - 03/29/22', '2022-03-29 18:51:12'),
(256, 171, 'levoFLOXacin 750 mg - TAB', 48, 929, 'Noelani', '0800 - 03/29/22', '2022-03-29 18:51:51'),
(257, 128, 'fluticasone/salmeterol 250/50 mcg - DPI', 48, 857, 'Mark', '1445 - 03/29/22', '2022-03-29 18:56:22'),
(258, 268, 'terahydroanninol - 50mg', 62, 1046, 'Howard', '800 - 03/30/22', '2022-03-30 19:32:00'),
(259, 268, 'terahydroanninol - 50mg', 62, 1046, 'Howard', '800 - 03/30/22', '2022-03-30 19:39:52');

-- --------------------------------------------------------

--
-- Table structure for table `nurse_notes`
--

CREATE TABLE `nurse_notes` (
  `id` int NOT NULL,
  `UserID` int NOT NULL,
  `PatientID` int NOT NULL,
  `DateTime` timestamp NOT NULL DEFAULT CURRENT_TIMESTAMP,
  `HR` int NOT NULL,
  `RR` int NOT NULL,
  `Bp` varchar(12) NOT NULL,
  `Spo` int NOT NULL,
  `Note` mediumtext NOT NULL
) ENGINE=InnoDB DEFAULT CHARSET=utf8mb4 COLLATE=utf8mb4_0900_ai_ci;

--
-- Dumping data for table `nurse_notes`
--

INSERT INTO `nurse_notes` (`id`, `UserID`, `PatientID`, `DateTime`, `HR`, `RR`, `Bp`, `Spo`, `Note`) VALUES
(1, 2, 1, '2022-01-13 19:27:28', 50, 12, '120/80', 95, 'He is doing very well'),
(10, 2, 58, '2022-02-05 19:43:13', 80, 12, '120/80', 98, 'SUBJECTIVE-:\r\n\r\nOBJECTIVE-:\r\n\r\nASSESSMENT-:\r\n\r\nPLAN-:\r\n'),
(17, 4, 6, '2022-03-23 15:05:28', 0, 0, '0', 0, 'SUBJECTIVE-:\r\n\r\nOBJECTIVE-:\r\n\r\nASSESSMENT-:\r\n\r\nPLAN-:\r\n'),
(18, 4, 6, '2022-03-23 15:09:16', 0, 0, '0', 0, 'SUBJECTIVE-:\r\n\r\nOBJECTIVE-:\r\n\r\nASSESSMENT-:\r\n\r\nPLAN-:\r\n');

-- --------------------------------------------------------

--
-- Table structure for table `or_report`
--

CREATE TABLE `or_report` (
  `id` int NOT NULL,
  `Patient_ID` int NOT NULL,
  `Patient_Last_Name` tinytext NOT NULL,
  `Patient_First_Name` tinytext NOT NULL,
  `Patient_DOB` tinytext NOT NULL,
  `Sex` tinytext NOT NULL,
  `Verify_ID` tinytext CHARACTER SET utf8mb4 COLLATE utf8mb4_0900_ai_ci,
  `Diagnosis` tinytext NOT NULL,
  `Allergies` text NOT NULL,
  `Patient_Type` tinytext NOT NULL,
  `Patient_In_OR` tinytext NOT NULL,
  `Anesthesia_Start` tinytext NOT NULL,
  `Anesthesia_End` tinytext NOT NULL,
  `Surgical_Start` tinytext NOT NULL,
  `Surgical_End` tinytext NOT NULL,
  `Surgeon_In` tinytext NOT NULL,
  `Surgeon_Out` tinytext NOT NULL,
  `Assistant_In` tinytext NOT NULL,
  `Assistant_Out` tinytext NOT NULL,
  `Patient_Position` tinytext NOT NULL,
  `Site` tinytext NOT NULL,
  `Hair_Removal` tinytext CHARACTER SET utf8mb4 COLLATE utf8mb4_0900_ai_ci,
  `Removal_Method` tinytext NOT NULL,
  `Prep_Solution` tinytext NOT NULL,
  `Prep_Solution_Applied_By` tinytext NOT NULL,
  `Cath_Type` tinytext NOT NULL,
  `Cath_Size` tinytext NOT NULL,
  `Cath_Placed_By` tinytext NOT NULL,
  `Urine_Description` text NOT NULL,
  `Implant_Model` tinytext NOT NULL,
  `Implant_Size` tinytext NOT NULL,
  `Implant_Manu` tinytext NOT NULL,
  `Implant_Site` tinytext NOT NULL,
  `Implant_Lot` tinytext NOT NULL,
  `Init_Sharps` tinytext NOT NULL,
  `Init_Sponges` tinytext NOT NULL,
  `Init_Instruments` tinytext NOT NULL,
  `Init_Personnel` tinytext NOT NULL,
  `Final_Sharps` tinytext NOT NULL,
  `Final_Sponges` tinytext NOT NULL,
  `Final_Instruments` tinytext NOT NULL,
  `Final_Personnel` tinytext NOT NULL,
  `Count_Correct` tinytext NOT NULL,
  `Count_Incorrect` tinytext NOT NULL,
  `ROPI` tinytext CHARACTER SET utf8mb4 COLLATE utf8mb4_0900_ai_ci,
  `Count_Notified` tinytext CHARACTER SET utf8mb4 COLLATE utf8mb4_0900_ai_ci,
  `Discharged_To` tinytext NOT NULL,
  `Discharge_Via` tinytext NOT NULL,
  `Procedure` tinytext NOT NULL,
  `Surgeon_Name` tinytext NOT NULL,
  `Assistiant_Name` tinytext NOT NULL,
  `Anesthesiologist_Name` tinytext NOT NULL,
  `Anesthesia_Type` tinytext NOT NULL,
  `Axillary_Roll` tinytext CHARACTER SET utf8mb4 COLLATE utf8mb4_0900_ai_ci,
  `BeanBag` tinytext CHARACTER SET utf8mb4 COLLATE utf8mb4_0900_ai_ci,
  `ChestRolls` tinytext CHARACTER SET utf8mb4 COLLATE utf8mb4_0900_ai_ci,
  `FoamHeadRest` tinytext CHARACTER SET utf8mb4 COLLATE utf8mb4_0900_ai_ci,
  `FootBoard` tinytext CHARACTER SET utf8mb4 COLLATE utf8mb4_0900_ai_ci,
  `GelHeadRest` tinytext CHARACTER SET utf8mb4 COLLATE utf8mb4_0900_ai_ci,
  `KidneyBrace` tinytext CHARACTER SET utf8mb4 COLLATE utf8mb4_0900_ai_ci,
  `LegStrap` tinytext CHARACTER SET utf8mb4 COLLATE utf8mb4_0900_ai_ci,
  `Pillows` tinytext CHARACTER SET utf8mb4 COLLATE utf8mb4_0900_ai_ci,
  `ShoulderRoll` tinytext CHARACTER SET utf8mb4 COLLATE utf8mb4_0900_ai_ci,
  `Stirrups` tinytext CHARACTER SET utf8mb4 COLLATE utf8mb4_0900_ai_ci,
  `Other_Postional` tinytext CHARACTER SET utf8mb4 COLLATE utf8mb4_0900_ai_ci,
  `SCD_Unit` tinytext NOT NULL,
  `SCD_Setting` tinytext NOT NULL,
  `SCD_Knee_Length` tinytext NOT NULL,
  `SCD_Thigh_Length` tinytext NOT NULL,
  `Warming_Blanket` tinytext CHARACTER SET utf8mb4 COLLATE utf8mb4_0900_ai_ci,
  `Blanket_Unit` tinytext NOT NULL,
  `Blanket_Setting` tinytext NOT NULL,
  `Warm_Irrigation` tinytext CHARACTER SET utf8mb4 COLLATE utf8mb4_0900_ai_ci,
  `Warm_Site` tinytext CHARACTER SET utf8mb4 COLLATE utf8mb4_0900_ai_ci,
  `Room_Temperature_Increased` tinytext CHARACTER SET utf8mb4 COLLATE utf8mb4_0900_ai_ci,
  `Cautery_ESU` tinytext NOT NULL,
  `Cautery_Cut` tinytext NOT NULL,
  `Cautery_Coag` tinytext NOT NULL,
  `Cautery_Pad_Site` tinytext NOT NULL,
  `Cautery_Bipolar` tinytext NOT NULL,
  `Cautery_Setting` tinytext NOT NULL,
  `Cautery_Dispersive_Pad_Site_Checked_At_Removal` tinytext CHARACTER SET utf8mb4 COLLATE utf8mb4_0900_ai_ci,
  `Cautery_Shaved` tinytext CHARACTER SET utf8mb4 COLLATE utf8mb4_0900_ai_ci,
  `Tourniquet_Unit` tinytext NOT NULL,
  `Tourniquet_Site` tinytext NOT NULL,
  `Tourniquet_Pressure` tinytext NOT NULL,
  `Tourniquet_Applied_By` tinytext NOT NULL,
  `Tourniquet_Padded` tinytext CHARACTER SET utf8mb4 COLLATE utf8mb4_0900_ai_ci,
  `TourniquetUpOne` tinytext NOT NULL,
  `TourniquetDownOne` tinytext NOT NULL,
  `TourniquetUpTwo` tinytext NOT NULL,
  `TourniquetDownTwo` tinytext NOT NULL,
  `TourniquetUpThree` tinytext NOT NULL,
  `TourniquetDownThree` tinytext NOT NULL,
  `Log_Date` timestamp NOT NULL DEFAULT CURRENT_TIMESTAMP
) ENGINE=InnoDB DEFAULT CHARSET=utf8mb4 COLLATE=utf8mb4_0900_ai_ci;

--
-- Dumping data for table `or_report`
--

INSERT INTO `or_report` (`id`, `Patient_ID`, `Patient_Last_Name`, `Patient_First_Name`, `Patient_DOB`, `Sex`, `Verify_ID`, `Diagnosis`, `Allergies`, `Patient_Type`, `Patient_In_OR`, `Anesthesia_Start`, `Anesthesia_End`, `Surgical_Start`, `Surgical_End`, `Surgeon_In`, `Surgeon_Out`, `Assistant_In`, `Assistant_Out`, `Patient_Position`, `Site`, `Hair_Removal`, `Removal_Method`, `Prep_Solution`, `Prep_Solution_Applied_By`, `Cath_Type`, `Cath_Size`, `Cath_Placed_By`, `Urine_Description`, `Implant_Model`, `Implant_Size`, `Implant_Manu`, `Implant_Site`, `Implant_Lot`, `Init_Sharps`, `Init_Sponges`, `Init_Instruments`, `Init_Personnel`, `Final_Sharps`, `Final_Sponges`, `Final_Instruments`, `Final_Personnel`, `Count_Correct`, `Count_Incorrect`, `ROPI`, `Count_Notified`, `Discharged_To`, `Discharge_Via`, `Procedure`, `Surgeon_Name`, `Assistiant_Name`, `Anesthesiologist_Name`, `Anesthesia_Type`, `Axillary_Roll`, `BeanBag`, `ChestRolls`, `FoamHeadRest`, `FootBoard`, `GelHeadRest`, `KidneyBrace`, `LegStrap`, `Pillows`, `ShoulderRoll`, `Stirrups`, `Other_Postional`, `SCD_Unit`, `SCD_Setting`, `SCD_Knee_Length`, `SCD_Thigh_Length`, `Warming_Blanket`, `Blanket_Unit`, `Blanket_Setting`, `Warm_Irrigation`, `Warm_Site`, `Room_Temperature_Increased`, `Cautery_ESU`, `Cautery_Cut`, `Cautery_Coag`, `Cautery_Pad_Site`, `Cautery_Bipolar`, `Cautery_Setting`, `Cautery_Dispersive_Pad_Site_Checked_At_Removal`, `Cautery_Shaved`, `Tourniquet_Unit`, `Tourniquet_Site`, `Tourniquet_Pressure`, `Tourniquet_Applied_By`, `Tourniquet_Padded`, `TourniquetUpOne`, `TourniquetDownOne`, `TourniquetUpTwo`, `TourniquetDownTwo`, `TourniquetUpThree`, `TourniquetDownThree`, `Log_Date`) VALUES
(5, 62, 'Edwards', 'Jackie', '05/18/19XX', 'male', '1', 'Diabetes', 'NKDA', 'IN', '1500', '1515', '1700', '1530', '1700', '1500', '1750', '1420', '1800', 'supline', 'Femur', '1', 'Razor', '', '', 'Foley', '14', 'Dave S', 'straw', 'n/a', '', '', '', '', '', '', '', '', '', '', '', '', '', '', NULL, NULL, '', '', '', '', '', '', '', NULL, NULL, NULL, NULL, NULL, NULL, NULL, NULL, NULL, NULL, NULL, NULL, '', '', '', '', NULL, '', '', NULL, NULL, NULL, '', '', '', '', '', '', NULL, NULL, '', '', '', '', NULL, '', '', '', '', '', '', '2022-03-30 19:44:44');

-- --------------------------------------------------------

--
-- Table structure for table `patients`
--

CREATE TABLE `patients` (
  `id` int NOT NULL,
  `FirstName` varchar(16) NOT NULL,
  `LastName` varchar(16) NOT NULL,
  `Barcode` varchar(40) NOT NULL,
  `DOB` varchar(16) CHARACTER SET utf8mb4 COLLATE utf8mb4_0900_ai_ci DEFAULT NULL,
  `Provider` varchar(40) NOT NULL DEFAULT 'Aldo Castaneda  M.D.',
  `MarFile` text CHARACTER SET utf8mb4 COLLATE utf8mb4_0900_ai_ci NOT NULL,
  `HpFile` varchar(40) CHARACTER SET utf8mb4 COLLATE utf8mb4_0900_ai_ci NOT NULL DEFAULT 'HpMissing.txt',
  `OrdersFile` varchar(40) CHARACTER SET utf8mb4 COLLATE utf8mb4_0900_ai_ci DEFAULT 'OrdersMissing.txt',
  `ReportFile` varchar(60) CHARACTER SET utf8mb4 COLLATE utf8mb4_0900_ai_ci NOT NULL DEFAULT 'ReportMissing.txt',
  `Age` varchar(3) NOT NULL,
  `Gender` varchar(3) NOT NULL
) ENGINE=InnoDB DEFAULT CHARSET=utf8mb4 COLLATE=utf8mb4_0900_ai_ci;

--
-- Dumping data for table `patients`
--

INSERT INTO `patients` (`id`, `FirstName`, `LastName`, `Barcode`, `DOB`, `Provider`, `MarFile`, `HpFile`, `OrdersFile`, `ReportFile`, `Age`, `Gender`) VALUES
(4, 'Leslie', 'Allison', '86443920', '06/10/19XX', 'B. Glassman', 'Allison, Leslie - 5 - Medications_MM.pdf', 'Allison, Leslie - 3 - H & P_MM.pdf', 'Allison, Leslie - 4 - Orders_MM.pdf', 'Allison, Leslie - 2 - Shift Report_MM.pdf', '', ''),
(5, 'Jennifer', 'Applebaum', '15693563', '02/11/19XX', 'Paul Neumann, DO', 'Applebaum, Jennifer - MAR.pdf', 'Applebaum, Jennifer - 3 - H & P_MM.pdf', 'Applebaum, Jennifer - 4 - Orders_MM.pdf', 'Applebaum, Jennifer - 2 - Shift Report_MM.pdf', '', ''),
(6, 'Marshal', 'Ericson', 'a', '12/11/1954', 'Aldo Castaneda  M.D.', 'https://api.qr-code-generator.com/v1/create?access-token=', 'missingfile.txt', '', '', '', ''),
(8, 'Bea', 'Comfortable', '42575689', NULL, 'Aldo Castaneda  M.D.', 'Comfortable-Bea-MAR.txt', '', '', '', '', ''),
(9, 'Audie', 'Cornish', '35562610', '', 'Paul Jordan, MD', 'Cornish, Audie - MAR.pdf', '', '', '', '', ''),
(10, 'Chris', 'Cosper', '46215581', NULL, 'Aldo Castaneda  M.D.', 'Cosper-Chris-MAR.txt', 'noafile.txt', '', '', '', ''),
(11, 'Jonathan', 'Cowley', '27544716', NULL, 'Aldo Castaneda  M.D.', 'Cowley-Jonathan-MAR.txt', '', '', '', '', ''),
(12, 'Katelyn', 'Davis', '29563951', NULL, 'Aldo Castaneda  M.D.', 'Davis-Katelyn-MAR.txt', '', '', '', '', ''),
(13, 'Jackie', 'Edwards', '21132179', '05/18/19XX', 'Aldo Castaneda  M.D.', 'Edwards, Jackie - 5 - Medications_MM.pdf', 'Edwards, Jackie - 3 - H & P_MM.pdf', 'Edwards, Jackie - 4 - Orders_MM.pdf', 'Edwards, Jackie - 2 - Shift Report_MM.pdf', '', ''),
(14, 'Trudy', 'Fasbender', '65983317', NULL, 'Aldo Castaneda  M.D.', 'Fasbender-Trudy-MAR.txt', '', '', '', '', ''),
(15, 'Chris', 'Forrester', '99821433', NULL, 'Aldo Castaneda  M.D.', 'Forrester-Chris-MAR.txt', '', '', '', '', ''),
(16, 'Chris', 'Garcia', '45183270', NULL, 'Aldo Castaneda  M.D.', 'Garcia-Chris-MAR.txt', '', '', '', '', ''),
(17, 'Matthew', 'Geyer', '29511433', NULL, 'Aldo Castaneda  M.D.', 'Geyer-Matthew-MAR.txt', '', '', '', '', ''),
(18, 'Rebecca', 'Geyer', '40528885', NULL, 'Aldo Castaneda  M.D.', 'Geyer-Rebecca-MAR.txt', '', '', '', '', ''),
(19, 'Kathy', 'Givens', '1551557', NULL, 'Aldo Castaneda  M.D.', 'Givens-Kathy-MAR.txt', '', '', '', '', ''),
(20, 'Kathy', 'Givens', '15515575', NULL, 'Aldo Castaneda  M.D.', 'Givens-Kathy-MAR.txt', '', '', '', '', ''),
(21, 'Jake', 'Henry', '55841238', NULL, 'Aldo Castaneda  M.D.', 'Henry-Jake-MAR.txt', '', '', '', '', ''),
(22, 'Paul', 'Horn', '4321', NULL, 'Aldo Castaneda  M.D.', 'Horn-Paul-MAR.txt', '', '', '', '', ''),
(23, 'Juanita', 'Ibarra', '84956224', NULL, 'Aldo Castaneda  M.D.', 'Ibarra-Juanita-MAR.txt', '', '', '', '', ''),
(24, 'Juanita', 'Ibarra', '21201479', NULL, 'Aldo Castaneda  M.D.', 'ibarra-juanita-MAR.txt', '', '', '', '', ''),
(25, 'Jacob', 'Johnson', '25522143', NULL, 'Aldo Castaneda  M.D.', 'Johnson-Jacob-MAR.txt', '', '', '', '', ''),
(26, 'Mark', 'Johnson', '29587452', NULL, 'Aldo Castaneda  M.D.', 'Johnson-Mark-MAR.txt', '', '', '', '', ''),
(27, 'Jacob', 'King', '35574262', '', 'Gerald Glassman, MD', 'King-Jacob-MAR.txt', '', '', '', '', ''),
(28, 'Samuel', 'Lapp', '32876437', NULL, 'Aldo Castaneda  M.D.', 'Lapp-Samuel-MAR.txt', '', '', '', '', ''),
(29, 'Greg', 'Martin', '27565438', NULL, 'Aldo Castaneda  M.D.', 'Martin-Greg-MAR.txt', '', '', '', '', ''),
(30, 'Dale', 'Mayman', '1349567', NULL, 'Aldo Castaneda  M.D.', 'Mayman-Dale-MAR.txt', '', '', '', '', ''),
(31, 'Bart', 'McFarkin', '10254431', NULL, 'Aldo Castaneda  M.D.', 'McFarkin-Bart-MAR.txt', '', '', '', '', ''),
(33, 'Ty', 'Nguyen', '62510325', NULL, 'Aldo Castaneda  M.D.', 'Nguyen-Ty-MAR.txt', '', '', '', '', ''),
(34, 'Thomas', 'Pickles', '24539852', NULL, 'Aldo Castaneda  M.D.', 'Pickles-Thomas-MAR.txt', '', '', '', '', ''),
(35, 'Jordan', 'Brown', '63532647', '02/01/19XX', 'JB Waltman MD', 'Brown, Jordan - 5 - Medications_MM.pdf', 'Brown, Jordan - 3 - H & P_MM.pdf', 'Brown, Jordan - 4 - Orders_MM.pdf', 'Brown, Jordan - 2 - Shift Report_MM.pdf', '', ''),
(36, 'Maria', 'Rodriguez', '11587439', NULL, 'Aldo Castaneda  M.D.', 'Rodriguez-Maria-MAR.txt', '', '', '', '', ''),
(37, 'Robert', 'Sanchez', '25574180', '03/26/20XX', 'Katherine Nelson D.O.', '', '', '', '', '', ''),
(38, 'Joyce', 'Schmough', '55987417', NULL, 'Aldo Castaneda  M.D.', 'Schmough-Joyce-MAR.txt', '', '', '', '', ''),
(39, 'Melody', 'Schreiber', '35569855', '06/10/19XX', 'Sophia Good, MD', 'Schreiber, Melody - MAR.pdf', 'OrdersMissing.txt', 'Schreiber, Melody - Orders.pdf', 'Schreiber, Melody - Report.pdf', 'F', '20'),
(40, 'Jada', 'Scott', '13594558', '06/10/20XX', 'Paul Jordan, M.D.', 'Scott, Jada - 5 - Medications_MM.pdf', 'Scott, Jada - 3 - H & P_MM.pdf', 'Scott, Jada - 4 - Orders_MM.pdf', 'Scott, Jada - 2 - Shift Report_MM.pdf', '', ''),
(41, 'Adrian', 'Shapiro', '25330090', '07/19/19XX', 'Aldo Castaneda  M.D.', 'Shapiro, Adrian - 5 - Medications_MM.pdf', 'Shapiro, Adrian - 3 - H & P_MM.pdf', 'Shapiro, Adrian - 4 - Orders_MM.pdf', 'Shapiro, Adrian - 2 - Shift Report_MM.pdf', '', ''),
(42, 'Danielle', 'Simmons', '35585244', '06/10/19XX', 'B. Glassman M.D.', 'Simmons, Danielle - MAR.pdf', 'OrdersMissing.txt', 'OrdersMissing.txt', 'OrdersMissing.txt', 'F', '31'),
(43, 'Julia', 'Morales', '11204862', '10/03/19XX', 'Anne Davis, M.D.', 'Morales, Julia - 5 - Medications_MM.pdf', '', '', '', '', ''),
(44, 'Marco', 'Sorrells', '45521690', '09/08/20XX', 'James Town, D.O.', 'Sorrells, Marco - 5 - Medications_MM.pdf', 'Sorrells, Marco - 3 - H & P_MM.pdf', 'Sorrells, Marco - 4 - Orders_MM.pdf', 'Sorrells, Marco - 2 - Shift Report_MM.pdf', '', ''),
(45, 'Andy', 'Spree', '21265891', NULL, 'Aldo Castaneda  M.D.', 'Spree-Andy-MAR.txt', '', '', '', '', ''),
(46, 'Michael', 'Stipe', '17595186', NULL, 'Aldo Castaneda  M.D.', 'Stipe-Michael-MAR.txt', '', '', '', '', ''),
(47, 'Daniel', 'Stoltzfus', '29545872', NULL, 'Aldo Castaneda  M.D.', 'Stoltzfus-Daniel-MAR.txt', '', '', '', '', ''),
(48, 'Henry', 'Williams', '27954614', '07/02/19XX', 'Katherine Nelson, MD', 'Williams, Henry - MAR.pdf', 'Williams, Henry - HP.pdf', 'Williams, Henry - Orders.pdf', 'Williams, Henry - Report.pdf', '69', 'M'),
(49, 'Joseph', 'Williams', '11558842', NULL, 'Aldo Castaneda  M.D.', 'Williams-Joseph-MAR.txt', '', '', '', '', ''),
(50, 'Wanda', 'Willow', '55214797', NULL, 'Aldo Castaneda  M.D.', 'Willow-Wanda-MAR.txt', '', '', '', '', ''),
(51, 'Natalie', 'Wolchover', '55124873', '06/10/19XX', 'Sophia Good, MD', 'Wolchover, Natalie - 5 - MAR_MM.pdf', 'Wolchover, Natalie - 3 - HP_MM.pdf', 'Wolchover, Natalie - 4 - Orders_MM.pdf', 'Wolchover, Natalie - 2 -Report_MM.pdf', '', ''),
(52, 'Sherman', 'Yoder', '64646428', '06/26/19XX', 'Frank Baker  M.D.', 'Yoder, Sherman - 5 - Medications_MM1.pdf', 'Yoder, Sherman - 3 - H & P_MM.pdf', 'Yoder, Sherman - 4 - Orders_MM.pdf', 'Yoder, Sherman - 2 - Shift Report_MM.pdf', '', ''),
(53, 'Gladys', 'Young', '78785212', NULL, 'Aldo Castaneda  M.D.', 'Young-Gladys-MAR.txt', '', '', '', '', ''),
(54, 'Jacob', 'Zook', '97953135', '07/02/19XX', 'Robert Martin, MD', 'Zook, Jacob - 5 - Medications_MM.pdf', 'Zook, Jacob - 3 - H & P_MM.pdf', 'Zook, Jacob - 4 - Orders_MM.pdf', 'Zook, Jacob - 2 - Shift Report_MM.pdf', '', ''),
(57, 'Hugh', 'Laurie', '999', 'who knows', 'Aldo Castaneda  M.D.', 'dotpict_20220119_185244.png', 'H&P.txt', '_amissingfile.txt', '_amissingfile.txt', '', ''),
(59, 'Justin', 'Cavanaugh', '21685224', '11/01/19XX', 'Ann Davis, DO', 'Cavanaugh, Justin - MAR.pdf', 'HpMissing.txt', 'Cavanaugh, Justin - HP.pdf', 'Cavanaugh, Justin - ShiftReport.pdf', '24', 'M'),
(60, 'Kim', 'Le', '21644788', '02/02/19XX', 'Tamara Knight, MD', 'Le, Kim - Mar.pdf', 'HpMissing.txt', 'Le, Kim - Orders.pdf', 'Le, Kim - Report.pdf', '55', 'M'),
(61, 'Edgardo', 'Yoast', '21639654', '04/16/19XX', 'Larry Goldberg, MD', 'Yoast, Edgardo - MAR.pdf', 'HpMissing.txt', 'Yoast, Edgardo - Orders.pdf', 'Yoast, Edgardo - Report.pdf', '72', 'M'),
(62, 'Jackie', 'Edwards', '314159', '05/18/19XX', 'Aldo Castaneda  M.D.', 'Edwards, Jackie - 5 - Medications_MM.pdf', 'Edwards, Jackie - 3 - H & P_MM.pdf', 'Edwards, Jackie - 4 - Orders_MM.pdf', 'Edwards, Jackie - 2 - Shift Report_MM.pdf', '', '');

-- --------------------------------------------------------

--
-- Table structure for table `patient_files`
--

CREATE TABLE `patient_files` (
  `id` int NOT NULL,
  `PatientID` int NOT NULL,
  `Label` text CHARACTER SET utf8mb4 COLLATE utf8mb4_0900_ai_ci NOT NULL,
  `FileName` varchar(100) CHARACTER SET utf8mb4 COLLATE utf8mb4_0900_ai_ci NOT NULL
) ENGINE=InnoDB DEFAULT CHARSET=utf8mb4 COLLATE=utf8mb4_0900_ai_ci;

--
-- Dumping data for table `patient_files`
--

INSERT INTO `patient_files` (`id`, `PatientID`, `Label`, `FileName`) VALUES
(5, 58, 'Lab Results', 'Yoder, Sherman - Hospital - Labs.pdf'),
(7, 40, 'ED Lab Results', 'Scott, Jada - Lab Results - ED - 0530_MM.pdf'),
(8, 40, 'ED Pulmonary Results', 'Scott, Jada - Pulmonary Results - ED_MM.pdf'),
(9, 51, 'Labs', 'Wolchover, Natalie - 6 - Labs_MM.pdf'),
(10, 4, 'Admission Labs', 'Allison, Leslie - Lab Results - On Admission_MM.pdf'),
(11, 13, 'Labs-ED', 'Edwards, Jackie - Laboratory Results_MM.pdf'),
(12, 13, 'Radiology-Yesterday', 'Edwards, Jackie - Radiology Results (Yesterday)_MM.pdf'),
(13, 52, 'Labs - POD 1', 'Yoder, Sherman - Lab Results - POD 1.pdf'),
(14, 41, 'Labs - ED', 'Shapiro, Adrian - Lab Results - Yesterday.pdf'),
(15, 54, 'Lab 0600', 'Zook, Jacob - Lab Results Today 0600.pdf'),
(16, 54, 'Pulmonary(3 days ago)', 'Zook, Jacob - Pulmonary Results - 3 days ago.pdf'),
(17, 54, 'Radiology-Intra Op', 'Zook, Jacob - Radiology Results - Intra-op.pdf'),
(18, 59, 'ED Notes', 'Cavanaugh, Justin - ED-note.pdf'),
(19, 59, 'ED - Labs', 'Cavanaugh, Justin - Labs.pdf'),
(20, 59, 'ED - Radiology', 'Cavanaugh, Justin - Radiology.pdf'),
(21, 60, 'ED Notes', 'Le, Kim - ED-Note.pdf'),
(22, 60, 'ED Labs', 'Le, Kim - Labs.pdf'),
(23, 60, 'Pulmonary', 'Le, Kim - pulmonary.pdf'),
(24, 61, 'Lab Results', 'Yoast, Edgardo - Labs.pdf'),
(25, 61, 'ED - Radiology', 'Yoast, Edgardo - Rad.pdf'),
(26, 61, 'Pulmonary', 'Yoast, Edgardo - Pulmonary.pdf'),
(27, 61, 'ED Notes', 'Yoast, Edgardo - ED-Note.pdf'),
(28, 62, 'CT - HEAD', 'Edwards, Jackie - Radiology Results (Yesterday)_MM.pdf');

-- --------------------------------------------------------

--
-- Table structure for table `patient_vitals`
--

CREATE TABLE `patient_vitals` (
  `id` int NOT NULL,
  `PatientID` int NOT NULL COMMENT 'MRN',
  `Glucose` int NOT NULL
) ENGINE=InnoDB DEFAULT CHARSET=utf8mb4 COLLATE=utf8mb4_0900_ai_ci;

--
-- Dumping data for table `patient_vitals`
--

INSERT INTO `patient_vitals` (`id`, `PatientID`, `Glucose`) VALUES
(1, 4, 102),
(2, 12, 120),
(3, 52, 135),
(4, 13, 101),
(6, 15, 2),
(10, 5, 100),
(11, 14, 100),
(17, 54, 100),
(18, 17, 100),
(20, 46, 125);

-- --------------------------------------------------------

--
-- Table structure for table `users`
--

CREATE TABLE `users` (
  `id` int NOT NULL,
  `FirstName` varchar(20) CHARACTER SET utf8mb4 COLLATE utf8mb4_0900_ai_ci NOT NULL,
  `LastName` varchar(20) CHARACTER SET utf8mb4 COLLATE utf8mb4_0900_ai_ci NOT NULL,
  `Barcode` varchar(40) NOT NULL,
  `Pin` varchar(40) CHARACTER SET utf8mb4 COLLATE utf8mb4_0900_ai_ci DEFAULT NULL,
  `AccessLevel` int NOT NULL DEFAULT '1',
  `StartDate` varchar(14) CHARACTER SET utf8mb4 COLLATE utf8mb4_0900_ai_ci DEFAULT '2022'
) ENGINE=InnoDB DEFAULT CHARSET=utf8mb4 COLLATE=utf8mb4_0900_ai_ci;

--
-- Dumping data for table `users`
--

INSERT INTO `users` (`id`, `FirstName`, `LastName`, `Barcode`, `Pin`, `AccessLevel`, `StartDate`) VALUES
(2, 'Miles', 'Best', '6666', 'e58cc5ca94270acaceed13bc82dfedf7', 1, ''),
(4, 'Nicholai', 'Best', '666', 'e58cc5ca94270acaceed13bc82dfedf7', 4, '2030'),
(18, 'Rusling', 'Benjamin', 'MedID294', 'b59c67bf196a4758191e42f76670ceba', 1, 'Tue 01/22/2019'),
(19, 'Nurse', 'BlueBadge', 'MedID173', 'b59c67bf196a4758191e42f76670ceba', 1, 'Mon 01/14/2019'),
(20, 'Clark', 'Brittany', 'MedID214', 'b59c67bf196a4758191e42f76670ceba', 1, 'Wed 01/23/2019'),
(21, 'Reed', 'Cayla', 'MedID223', 'b59c67bf196a4758191e42f76670ceba', 1, 'Wed 01/23/2019'),
(22, 'Danzey', 'Chanel', 'MedID241', 'b59c67bf196a4758191e42f76670ceba', 1, 'Tue 01/22/2019'),
(23, 'Dracha', 'Chloe', 'MedID153', 'b59c67bf196a4758191e42f76670ceba', 1, 'Wed 01/23/2019'),
(24, 'Brillhart', 'Courtney', 'MedID249', 'b59c67bf196a4758191e42f76670ceba', 1, 'Tue 01/22/2019'),
(25, 'Lauscar', 'Daddy', 'MedID225', 'b59c67bf196a4758191e42f76670ceba', 1, 'Wed 01/23/2019'),
(26, 'Stevenson', 'Daneisha', 'MedID207', 'b59c67bf196a4758191e42f76670ceba', 1, 'Wed 01/23/2019'),
(27, 'Plumby', 'Daniel', 'MedID177', 'b59c67bf196a4758191e42f76670ceba', 1, 'Tue 01/22/2019'),
(28, 'Kaiser', 'Elizabeth', 'MedID298', 'b59c67bf196a4758191e42f76670ceba', 1, 'Tue 01/22/2019'),
(29, 'SHAFER', 'ESTHER', 'mEDid254', 'b59c67bf196a4758191e42f76670ceba', 1, 'Tue 01/22/2019'),
(30, 'Best', 'Nicholai', 'MedID82', 'b59c67bf196a4758191e42f76670ceba', 1, 'Wed 01/23/2019'),
(31, 'Hutson', 'Felicia', 'MedID302', 'b59c67bf196a4758191e42f76670ceba', 1, 'Tue 01/22/2019'),
(32, 'Ogunwusi', 'Folusho', 'MedID195', 'b59c67bf196a4758191e42f76670ceba', 1, 'Wed 01/23/2019'),
(33, 'Aguilar-Lopez', 'Griselda', 'MedID277', 'b59c67bf196a4758191e42f76670ceba', 1, 'Tue 01/22/2019'),
(34, 'Gowaty', 'hannah', 'MedID262', 'b59c67bf196a4758191e42f76670ceba', 1, 'Tue 01/22/2019'),
(35, 'Stoltzfus', 'Heidi', 'MedID219', 'b59c67bf196a4758191e42f76670ceba', 1, 'Wed 01/23/2019'),
(36, 'Frock', 'Holly', 'MedID182', 'b59c67bf196a4758191e42f76670ceba', 1, 'Tue 01/22/2019'),
(37, 'Chege', 'Hottehsiah', 'MedID253', 'b59c67bf196a4758191e42f76670ceba', 1, 'Tue 01/22/2019'),
(38, 'Chege', 'Hottensiah', 'MedID257', 'b59c67bf196a4758191e42f76670ceba', 1, 'Tue 01/22/2019'),
(39, 'siegrist', 'jana', 'MedID215', 'b59c67bf196a4758191e42f76670ceba', 1, 'Wed 01/23/2019'),
(40, 'Cherry-Lewis', 'Janis', 'MedID201', 'b59c67bf196a4758191e42f76670ceba', 1, 'Tue 01/22/2019'),
(41, 'Wolfe', 'Johnna', 'MedID309', 'b59c67bf196a4758191e42f76670ceba', 1, 'Tue 01/22/2019'),
(42, 'Dubbs', 'Jordan', 'MedID245', 'b59c67bf196a4758191e42f76670ceba', 1, 'Tue 01/22/2019'),
(43, 'Ritzman', 'Katherine', 'MedID199', 'b59c67bf196a4758191e42f76670ceba', 1, 'Wed 01/23/2019'),
(44, 'Toth', 'Katie', 'MedID305', 'b59c67bf196a4758191e42f76670ceba', 1, 'Tue 01/22/2019'),
(45, 'Aldaz', 'Kerly', 'MedID290', 'b59c67bf196a4758191e42f76670ceba', 1, 'Tue 01/22/2019'),
(48, 'FRITZ', 'LILLIAN', 'mEDid258', 'b59c67bf196a4758191e42f76670ceba', 1, 'Tue 01/22/2019'),
(49, 'Warner', 'Liz', 'MedID247', 'b59c67bf196a4758191e42f76670ceba', 1, 'Wed 01/23/2019'),
(50, 'Wilson', 'Mackenzie', 'MedID313', 'b59c67bf196a4758191e42f76670ceba', 1, 'Tue 01/22/2019'),
(51, 'Walker', 'Mandy ', 'MedID307', 'b59c67bf196a4758191e42f76670ceba', 1, 'Wed 01/23/2019'),
(53, 'Frick', 'MedID265', 'MedID265', 'b59c67bf196a4758191e42f76670ceba', 1, 'Tue 01/22/2019'),
(54, 'Fitzgerald', 'Meghan', 'MedID157', 'b59c67bf196a4758191e42f76670ceba', 1, 'Wed 01/23/2019'),
(55, 'SAL', 'MOMI', 'mEDid246', 'b59c67bf196a4758191e42f76670ceba', 1, 'Tue 01/22/2019'),
(56, 'Puckett', 'Monique', 'MedID222', 'b59c67bf196a4758191e42f76670ceba', 1, 'Wed 01/23/2019'),
(58, 'Feick', 'Nicole', 'MedID174', 'b59c67bf196a4758191e42f76670ceba', 1, 'Tue 01/22/2019'),
(59, 'SCH', 'OX', 'mEDid250', 'b59c67bf196a4758191e42f76670ceba', 1, 'Tue 01/22/2019'),
(60, 'jones', 'roberta', 'MedID169', 'b59c67bf196a4758191e42f76670ceba', 1, 'Mon 01/14/2019'),
(61, 'Griffiths', 'Sydney', 'mEDid266', 'b59c67bf196a4758191e42f76670ceba', 1, 'Tue 01/22/2019'),
(62, 'Simmons', 'Teresa', 'MedID203', 'b59c67bf196a4758191e42f76670ceba', 1, 'Wed 01/23/2019'),
(63, 'Catalan-Quinones', 'Thajisha', 'MedID218', 'b59c67bf196a4758191e42f76670ceba', 1, 'Wed 01/23/2019'),
(64, 'Miller', 'Trisha', 'MedID306', 'b59c67bf196a4758191e42f76670ceba', 1, 'Tue 01/22/2019'),
(65, 'Ortiz', 'Xiomara', 'MedID211', 'b59c67bf196a4758191e42f76670ceba', 1, 'Wed 01/23/2019'),
(74, 'Chaudhry', 'Salima', '45183270', 'b59c67bf196a4758191e42f76670ceba', 1, 'Sat 12/08/2018'),
(76, 'Patterson', 'Gabrielle', 'MedID141', 'b59c67bf196a4758191e42f76670ceba', 1, 'Mon 01/28/2019'),
(77, 'Trout', 'Rachel', 'MedID137', 'b59c67bf196a4758191e42f76670ceba', 1, 'Mon 01/28/2019'),
(78, 'trout', 'rachel', 'MedID137', 'b59c67bf196a4758191e42f76670ceba', 1, 'Mon 01/28/2019'),
(79, 'Kauffman', 'Jeffrey', 'MedID133', 'b59c67bf196a4758191e42f76670ceba', 1, 'Mon 01/28/2019'),
(80, 'Ogilvie', 'Hannah', 'MedID240', 'b59c67bf196a4758191e42f76670ceba', 1, 'Mon 01/28/2019'),
(81, 'Sauder', 'Montana', 'MedID232', 'b59c67bf196a4758191e42f76670ceba', 1, 'Mon 01/28/2019'),
(82, 'Sauder', 'Montana', 'MedID232', 'b59c67bf196a4758191e42f76670ceba', 1, 'Mon 01/28/2019'),
(83, 'Smith', 'Maritza ', 'MedID236', 'b59c67bf196a4758191e42f76670ceba', 1, 'Mon 01/28/2019'),
(85, 'Hall', 'Nikol', 'MedID129', 'b59c67bf196a4758191e42f76670ceba', 1, 'Mon 01/28/2019'),
(86, 'beya', 'asi', 'MedID145', 'b59c67bf196a4758191e42f76670ceba', 1, 'Mon 01/28/2019'),
(87, 'Plumby', 'Dan', 'mEDid177', 'b59c67bf196a4758191e42f76670ceba', 1, 'Tue 01/29/2019'),
(90, 'Charney', 'Kayla', 'MedID196', 'b59c67bf196a4758191e42f76670ceba', 1, 'Wed 01/30/2019'),
(91, 'Fletcher', 'Bronte', 'MedID204', 'b59c67bf196a4758191e42f76670ceba', 1, 'Wed 01/30/2019'),
(92, 'Harkanson', 'Kimberly', 'MedID228', 'b59c67bf196a4758191e42f76670ceba', 1, 'Wed 01/30/2019'),
(93, 'Matthews', 'Elizabeth', 'MedID224', 'b59c67bf196a4758191e42f76670ceba', 1, 'Fri 02/01/2019'),
(94, 'Thomas', 'Andrew', 'MedID220', 'b59c67bf196a4758191e42f76670ceba', 1, 'Fri 02/01/2019'),
(95, 'Brown', 'Courtney', 'MedID113', 'b59c67bf196a4758191e42f76670ceba', 1, 'Fri 02/01/2019'),
(96, 'Rhoads', 'Lindsay', 'MedID105', 'b59c67bf196a4758191e42f76670ceba', 1, 'Fri 02/01/2019'),
(97, 'Rudnick', 'Nancy', 'MedID163', 'b59c67bf196a4758191e42f76670ceba', 1, 'Fri 02/01/2019'),
(98, 'Moore', 'Sarah', 'MedID109', 'b59c67bf196a4758191e42f76670ceba', 1, 'Fri 02/01/2019'),
(99, 'Gabriel', 'Christine', 'MedID179', 'b59c67bf196a4758191e42f76670ceba', 1, 'Fri 02/01/2019'),
(100, 'Herr', 'Lindsey', 'MedID183', 'b59c67bf196a4758191e42f76670ceba', 1, 'Wed 02/06/2019'),
(101, 'Pearson', 'Matthew', 'MedID171', 'b59c67bf196a4758191e42f76670ceba', 1, 'Wed 02/06/2019'),
(102, 'Bennett', 'Kalia', 'MedID175', 'b59c67bf196a4758191e42f76670ceba', 1, 'Wed 02/06/2019'),
(103, 'Andricks', 'Lesley', 'MedID167', 'b59c67bf196a4758191e42f76670ceba', 1, 'Wed 02/06/2019'),
(104, 'Davis', 'Jenna', 'MedID216', 'b59c67bf196a4758191e42f76670ceba', 1, 'Thu 02/14/2019'),
(105, 'Lynch', 'Cynthia ', 'MedID188', 'b59c67bf196a4758191e42f76670ceba', 1, 'Thu 02/14/2019'),
(106, 'Fike', 'Laurel', 'MedID101', 'b59c67bf196a4758191e42f76670ceba', 1, 'Mon 02/18/2019'),
(107, 'koop', 'amanda', 'MedID97', 'b59c67bf196a4758191e42f76670ceba', 1, 'Mon 02/18/2019'),
(108, 'IOSUE', 'MOLLY', 'MedID89', 'b59c67bf196a4758191e42f76670ceba', 1, 'Mon 02/18/2019'),
(109, 'GUTH', 'KELSEY', 'mEDid93', 'b59c67bf196a4758191e42f76670ceba', 1, 'Mon 02/18/2019'),
(110, 'ZIMMERMAN', 'jOSH', 'mEDid85', 'b59c67bf196a4758191e42f76670ceba', 1, 'Mon 02/18/2019'),
(111, 'Zimmerman', 'Josh', 'MedID85', 'b59c67bf196a4758191e42f76670ceba', 1, 'Mon 02/18/2019'),
(112, 'johnson', 'kelsey', 'MedID315', 'b59c67bf196a4758191e42f76670ceba', 1, 'Mon 02/18/2019'),
(113, 'Whittington', 'Brittany', 'MedID295', 'b59c67bf196a4758191e42f76670ceba', 1, 'Mon 02/18/2019'),
(114, 'chozas', 'amber', 'MedID319', 'b59c67bf196a4758191e42f76670ceba', 1, 'Mon 02/18/2019'),
(115, 'Fisher', 'Kaitlyn', 'MedID299', 'b59c67bf196a4758191e42f76670ceba', 1, 'Mon 02/18/2019'),
(116, 'Rodriguez', 'Debra', 'MedID267', 'b59c67bf196a4758191e42f76670ceba', 1, 'Mon 02/18/2019'),
(117, 'Glock', 'Haden', 'MedID244', 'b59c67bf196a4758191e42f76670ceba', 1, 'Mon 02/18/2019'),
(118, 'HADEN', 'MedID244', 'MedID248', 'b59c67bf196a4758191e42f76670ceba', 1, 'Mon 02/18/2019'),
(119, 'Williams', 'Kerry-Ann', 'mEDid248', 'b59c67bf196a4758191e42f76670ceba', 1, 'Mon 02/18/2019'),
(120, 'Williams', 'Kerry-Ann', 'MedID264', 'b59c67bf196a4758191e42f76670ceba', 1, 'Mon 02/18/2019'),
(121, 'Jewell', 'Chyann', 'MedID260', 'b59c67bf196a4758191e42f76670ceba', 1, 'Mon 02/18/2019'),
(122, 'Hotchkiss', 'Christa', 'MedID256', 'b59c67bf196a4758191e42f76670ceba', 1, 'Mon 02/18/2019'),
(123, 'Jones-Bergey', 'Mary', 'MedID252', 'b59c67bf196a4758191e42f76670ceba', 1, 'Mon 02/18/2019'),
(124, 'Hotchkiss', 'Christa', 'MedID256', 'b59c67bf196a4758191e42f76670ceba', 1, 'Mon 02/18/2019'),
(125, 'Massa', 'Lydia', 'MedID287', 'b59c67bf196a4758191e42f76670ceba', 1, 'Mon 02/18/2019'),
(126, 'Diamond', 'fairy ', 'MedID279', 'b59c67bf196a4758191e42f76670ceba', 1, 'Mon 02/18/2019'),
(127, 'Chahilu', 'Nancy', 'MedID283', 'b59c67bf196a4758191e42f76670ceba', 1, 'Mon 02/18/2019'),
(128, 'Stoltzfus', 'michaela', 'MedID291', 'b59c67bf196a4758191e42f76670ceba', 1, 'Mon 02/18/2019'),
(129, 'eberly', 'brittany', 'MedID275', 'b59c67bf196a4758191e42f76670ceba', 1, 'Mon 02/18/2019'),
(130, 'Marcello', 'Jennifer', 'MedID263', 'b59c67bf196a4758191e42f76670ceba', 1, 'Fri 02/22/2019'),
(131, 'Mellinger', 'Ashley', 'MedID259', 'b59c67bf196a4758191e42f76670ceba', 1, 'Fri 02/22/2019'),
(132, 'Hackl', 'Eric', 'MedID81', 'b59c67bf196a4758191e42f76670ceba', 1, 'Fri 02/22/2019'),
(133, 'Stone', 'Dara', 'MedID271', 'b59c67bf196a4758191e42f76670ceba', 1, 'Fri 02/22/2019'),
(134, 'McNair', 'Amanda', 'MedID268', 'b59c67bf196a4758191e42f76670ceba', 1, 'Fri 02/22/2019'),
(135, 'Grow', 'Janelle', 'MedID276', 'b59c67bf196a4758191e42f76670ceba', 1, 'Fri 02/22/2019'),
(136, 'Spangler', 'Victoria', 'MedID284', 'b59c67bf196a4758191e42f76670ceba', 1, 'Fri 02/22/2019'),
(137, 'Ferre', 'Lorelei', 'MedID272', 'b59c67bf196a4758191e42f76670ceba', 1, 'Fri 02/22/2019'),
(138, 'pisarek', 'jessica', 'MedID292', 'b59c67bf196a4758191e42f76670ceba', 1, 'Fri 02/22/2019'),
(139, 'thompson', 'sheba', 'MedID292', 'b59c67bf196a4758191e42f76670ceba', 1, 'Fri 02/22/2019'),
(140, 'thompson', 'sheba', 'MedID288', 'b59c67bf196a4758191e42f76670ceba', 1, 'Fri 02/22/2019'),
(141, 'Del Percio', 'Alisha', 'MedID251', 'b59c67bf196a4758191e42f76670ceba', 1, 'Mon 02/25/2019'),
(142, 'Kirby', 'Lauren', 'MedID243', 'b59c67bf196a4758191e42f76670ceba', 1, 'Mon 02/25/2019'),
(143, 'Brown', 'Tierra', 'MedID7', 'b59c67bf196a4758191e42f76670ceba', 1, 'Mon 02/25/2019'),
(144, 'Fuhrman', 'Victoria', 'MedID11', 'b59c67bf196a4758191e42f76670ceba', 1, 'Mon 02/25/2019'),
(145, 'Francis', 'roselle', 'MedID316', 'b59c67bf196a4758191e42f76670ceba', 1, 'Mon 02/25/2019'),
(146, 'Eguzouwa', 'Fortunate', 'MedID3', 'b59c67bf196a4758191e42f76670ceba', 1, 'Mon 02/25/2019'),
(147, 'Kunkelman', 'Danielle ', 'MedID15', 'b59c67bf196a4758191e42f76670ceba', 1, 'Mon 02/25/2019'),
(148, 'Lynch', 'Jessica', 'MedID304', 'b59c67bf196a4758191e42f76670ceba', 1, 'Mon 02/25/2019'),
(149, 'best', 'nick', 'MedID191', 'b59c67bf196a4758191e42f76670ceba', 1, 'Mon 02/25/2019'),
(150, 'francis', 'roselle', 'MedID316', 'b59c67bf196a4758191e42f76670ceba', 1, 'Mon 02/25/2019'),
(151, 'atuhaire', 'daphine', 'MedID59', 'b59c67bf196a4758191e42f76670ceba', 1, 'Tue 02/26/2019'),
(152, 'Berger', 'Lauren', 'MedID55', 'b59c67bf196a4758191e42f76670ceba', 1, 'Tue 02/26/2019'),
(153, 'dariychuk', 'kali', 'MedID51', 'b59c67bf196a4758191e42f76670ceba', 1, 'Tue 02/26/2019'),
(154, 'Esh', 'KaraLee', 'MedID39', 'b59c67bf196a4758191e42f76670ceba', 1, 'Tue 02/26/2019'),
(155, 'Clark', 'Mikala', 'MedID47', 'b59c67bf196a4758191e42f76670ceba', 1, 'Tue 02/26/2019'),
(156, 'atuhaire', 'daphine', 'MedID59', 'b59c67bf196a4758191e42f76670ceba', 1, 'Tue 02/26/2019'),
(157, 'atuhaire', 'daphine', 'MedID107', 'b59c67bf196a4758191e42f76670ceba', 1, 'Tue 02/26/2019'),
(158, 'Heller', 'Renee', 'MedID99', 'b59c67bf196a4758191e42f76670ceba', 1, 'Tue 02/26/2019'),
(159, 'Ressler', 'Shanya', 'MedID27', 'b59c67bf196a4758191e42f76670ceba', 1, 'Tue 02/26/2019'),
(160, 'Kaminsky', 'Lauren', 'MedID43', 'b59c67bf196a4758191e42f76670ceba', 1, 'Tue 02/26/2019'),
(161, 'hughey', 'kayla ', 'MedID296', 'b59c67bf196a4758191e42f76670ceba', 1, 'Thu 02/28/2019'),
(163, 'hess', 'kirsten', 'MedID44', 'b59c67bf196a4758191e42f76670ceba', 1, 'Thu 02/28/2019'),
(164, 'Coakley', 'Allyson', 'MedID4', 'b59c67bf196a4758191e42f76670ceba', 1, 'Thu 02/28/2019'),
(165, 'Brewer', 'Alexis', 'MedID71', 'b59c67bf196a4758191e42f76670ceba', 1, 'Thu 02/28/2019'),
(166, 'Hernandez', 'Alyssa', 'MedID75', 'b59c67bf196a4758191e42f76670ceba', 1, 'Thu 02/28/2019'),
(167, 'Kadilak', 'Madelyn', 'MedID63', 'b59c67bf196a4758191e42f76670ceba', 1, 'Thu 02/28/2019'),
(168, 'Gould', 'Sara', 'MedID67', 'b59c67bf196a4758191e42f76670ceba', 1, 'Thu 02/28/2019'),
(169, 'Gould', 'Sara', 'MedID67', 'b59c67bf196a4758191e42f76670ceba', 1, 'Thu 02/28/2019'),
(170, 'Yurista', 'Ashley', 'MedID115', 'b59c67bf196a4758191e42f76670ceba', 1, 'Thu 02/28/2019'),
(171, 'Bearinger', 'Susanna', 'MedID127', 'b59c67bf196a4758191e42f76670ceba', 1, 'Thu 02/28/2019'),
(172, 'henne', 'kaitlyn', 'MedID80', 'b59c67bf196a4758191e42f76670ceba', 1, 'Thu 02/28/2019'),
(173, 'McGlinchey', 'Caitlin', 'MedID79', 'b59c67bf196a4758191e42f76670ceba', 1, 'Thu 02/28/2019'),
(174, 'King', 'Kianna', 'MedID131', 'b59c67bf196a4758191e42f76670ceba', 1, 'Thu 02/28/2019'),
(175, 'Eisenhour', 'Michele', 'MedID135', 'b59c67bf196a4758191e42f76670ceba', 1, 'Thu 02/28/2019'),
(176, 'Bushong', 'Coby', 'MedID8', 'b59c67bf196a4758191e42f76670ceba', 1, 'Thu 02/28/2019'),
(177, 'Gonzalez', 'Yamilka', 'MedID139', 'b59c67bf196a4758191e42f76670ceba', 1, 'Thu 02/28/2019'),
(178, 'Bushong', 'Coby', 'MedID8', 'b59c67bf196a4758191e42f76670ceba', 1, 'Thu 02/28/2019'),
(179, 'Smeltz', 'Kylene', 'MedID20', 'b59c67bf196a4758191e42f76670ceba', 1, 'Thu 02/28/2019'),
(180, 'Funk', 'Jessalyn', 'MedID151', 'b59c67bf196a4758191e42f76670ceba', 1, 'Thu 02/28/2019'),
(181, 'Uber', 'Emily', 'MedID143', 'b59c67bf196a4758191e42f76670ceba', 1, 'Thu 02/28/2019'),
(182, 'Hart', 'Kayla', 'MedID147', 'b59c67bf196a4758191e42f76670ceba', 1, 'Thu 02/28/2019'),
(184, 'gonzalez', 'glorymer', 'MedID73', 'b59c67bf196a4758191e42f76670ceba', 1, 'Thu 02/28/2019'),
(185, 'Whitcomb', 'David', 'MedID77', 'b59c67bf196a4758191e42f76670ceba', 1, 'Thu 02/28/2019'),
(186, 'Linton', 'Rachel', 'MedID16', 'b59c67bf196a4758191e42f76670ceba', 1, 'Thu 02/28/2019'),
(187, 'Brown', 'Kaylina', 'MedID40', 'b59c67bf196a4758191e42f76670ceba', 1, 'Thu 02/28/2019'),
(188, 'whitcomb', 'david', 'MedID77', 'b59c67bf196a4758191e42f76670ceba', 1, 'Thu 02/28/2019'),
(189, 'henne', 'kaitlyn', 'MedID80', 'b59c67bf196a4758191e42f76670ceba', 1, 'Fri 03/01/2019'),
(190, 'Tozlu', 'Gabrielle', 'MedID45', 'b59c67bf196a4758191e42f76670ceba', 1, 'Mon 03/04/2019'),
(191, 'Landsem', 'Wesley', 'MedID49', 'b59c67bf196a4758191e42f76670ceba', 1, 'Mon 03/04/2019'),
(192, 'Peters', 'Ashley ', 'MedID52', 'b59c67bf196a4758191e42f76670ceba', 1, 'Tue 03/05/2019'),
(193, 'Pontz', 'Magdalena', 'MedID61', 'b59c67bf196a4758191e42f76670ceba', 1, 'Tue 03/05/2019'),
(194, 'Kanuha', 'Alexis', 'MedID69', 'b59c67bf196a4758191e42f76670ceba', 1, 'Tue 03/05/2019'),
(195, 'Hartman', 'Stephen', 'MedID56', 'b59c67bf196a4758191e42f76670ceba', 1, 'Tue 03/05/2019'),
(196, 'Ernst', 'Samantha', 'MedID53', 'b59c67bf196a4758191e42f76670ceba', 1, 'Tue 03/05/2019'),
(197, 'Ernst', 'Samantha', 'MedID53', 'b59c67bf196a4758191e42f76670ceba', 1, 'Tue 03/05/2019'),
(198, 'Hess', 'Alex', 'MedID36', 'b59c67bf196a4758191e42f76670ceba', 1, 'Tue 03/05/2019'),
(199, 'hess', 'alex', 'MedID36', 'b59c67bf196a4758191e42f76670ceba', 1, 'Tue 03/05/2019'),
(200, 'Briggs', 'Molly', 'MedID32', 'b59c67bf196a4758191e42f76670ceba', 1, 'Wed 03/06/2019'),
(201, 'Sinclair', 'Allison', 'MedID60', 'b59c67bf196a4758191e42f76670ceba', 1, 'Wed 03/06/2019'),
(202, 'ampaw', 'vanessa', 'MedID28', 'b59c67bf196a4758191e42f76670ceba', 1, 'Wed 03/06/2019'),
(203, 'thomas', 'christine', 'MedID108', 'b59c67bf196a4758191e42f76670ceba', 1, 'Wed 03/06/2019'),
(204, 'gardener', 'kianya', 'MedID24', 'b59c67bf196a4758191e42f76670ceba', 1, 'Wed 03/06/2019'),
(205, 'Nolt', 'Karlie', 'MedID104', 'b59c67bf196a4758191e42f76670ceba', 1, 'Wed 03/06/2019'),
(206, 'George', 'Megan', 'MedID112', 'b59c67bf196a4758191e42f76670ceba', 1, 'Wed 03/06/2019'),
(207, 'George', 'Megan', 'MedID112', 'b59c67bf196a4758191e42f76670ceba', 1, 'Wed 03/06/2019'),
(208, 'Regalado', 'brenda', 'MedID116', 'b59c67bf196a4758191e42f76670ceba', 1, 'Wed 03/06/2019'),
(209, 'Ford', 'Lauren', 'MedID90', 'b59c67bf196a4758191e42f76670ceba', 1, 'Wed 03/06/2019'),
(210, 'regalado', 'brenda', 'MedID116', 'b59c67bf196a4758191e42f76670ceba', 1, 'Wed 03/06/2019'),
(211, 'Marabella', 'Nicole', ' MedID132', 'b59c67bf196a4758191e42f76670ceba', 1, 'Thu 03/07/2019'),
(212, 'Marabella', 'Nicole', 'MedID132', 'b59c67bf196a4758191e42f76670ceba', 1, 'Thu 03/07/2019'),
(213, 'Neubauer', 'Olivia', 'MedID152', 'b59c67bf196a4758191e42f76670ceba', 1, 'Thu 03/07/2019'),
(214, 'Althouse', 'Brittany', 'MedID140', 'b59c67bf196a4758191e42f76670ceba', 1, 'Thu 03/07/2019'),
(215, 'Zook', 'Zachary', 'MedID144', 'b59c67bf196a4758191e42f76670ceba', 1, 'Thu 03/07/2019'),
(216, 'Wolanski', 'Thola', 'MedID148', 'b59c67bf196a4758191e42f76670ceba', 1, 'Thu 03/07/2019'),
(217, 'Keller\'', 'Justina', 'MedID160', 'b59c67bf196a4758191e42f76670ceba', 1, 'Thu 03/07/2019'),
(218, 'Garcia', 'Rosa', 'MedID120', 'b59c67bf196a4758191e42f76670ceba', 1, 'Fri 03/08/2019'),
(219, 'Stoltzfoos', 'Sharon', 'MedID92', 'b59c67bf196a4758191e42f76670ceba', 1, 'Fri 03/08/2019'),
(220, 'Forrester', 'Kaitlyn', 'MedID96', 'b59c67bf196a4758191e42f76670ceba', 1, 'Fri 03/08/2019'),
(221, 'Long', 'Elizabeth', 'MedID88', 'b59c67bf196a4758191e42f76670ceba', 1, 'Fri 03/08/2019'),
(222, 'spoonhoward', 'sarah', 'MedID64', 'b59c67bf196a4758191e42f76670ceba', 1, 'Fri 03/08/2019'),
(223, 'Kilgore', 'Tori Kilgore', 'MedID102', 'b59c67bf196a4758191e42f76670ceba', 1, 'Tue 03/12/2019'),
(224, 'Benner', 'Brooke', 'MedID134', 'b59c67bf196a4758191e42f76670ceba', 1, 'Thu 03/14/2019'),
(225, 'Kauffman', 'Gwen', 'MedID194', 'b59c67bf196a4758191e42f76670ceba', 1, 'Tue 03/19/2019'),
(226, 'miller', 'alora', 'MedID278', 'b59c67bf196a4758191e42f76670ceba', 1, 'Tue 03/19/2019'),
(227, 'Smith', 'amanda', 'MedID162', 'b59c67bf196a4758191e42f76670ceba', 1, 'Tue 03/19/2019'),
(228, 'musser', 'tristin', 'MedID213', 'b59c67bf196a4758191e42f76670ceba', 1, 'Tue 03/19/2019'),
(229, 'marrero', 'amari', 'MedID269', 'b59c67bf196a4758191e42f76670ceba', 1, 'Tue 03/19/2019'),
(230, 'rusinko', 'karissa', 'MedID202', 'b59c67bf196a4758191e42f76670ceba', 1, 'Tue 03/19/2019'),
(231, 'Wilson', 'Amanda', 'MedID189', 'b59c67bf196a4758191e42f76670ceba', 1, 'Tue 03/19/2019'),
(232, 'Lee', 'Hani', 'MedID289', 'b59c67bf196a4758191e42f76670ceba', 1, 'Tue 03/19/2019'),
(233, 'Hossen', 'Norsafiah', 'MedID84', 'b59c67bf196a4758191e42f76670ceba', 1, 'Tue 03/19/2019'),
(234, 'frick', 'sarai', 'MedID178', 'b59c67bf196a4758191e42f76670ceba', 1, 'Tue 03/19/2019'),
(235, 'wingert', 'alisha', 'MedID193', 'b59c67bf196a4758191e42f76670ceba', 1, 'Tue 03/19/2019'),
(236, 'bidlespacher', 'julia', 'MedID281', 'b59c67bf196a4758191e42f76670ceba', 1, 'Tue 03/19/2019'),
(237, 'Guth', 'Madison', 'MedID19', 'b59c67bf196a4758191e42f76670ceba', 1, 'Mon 02/25/2019'),
(238, 'Gaines', 'Katie', 'MedID23', 'b59c67bf196a4758191e42f76670ceba', 1, 'Mon 02/25/2019'),
(239, 'hunter', 'jamie', 'MedID31', 'b59c67bf196a4758191e42f76670ceba', 1, 'Tue 02/26/2019'),
(240, 'Tumwesiigye', 'Morgan', 'MedID35', 'b59c67bf196a4758191e42f76670ceba', 1, 'Tue 02/26/2019'),
(241, 'Mealy', 'Kathryn', 'MedID100', 'b59c67bf196a4758191e42f76670ceba', 1, 'Wed 03/06/2019'),
(242, 'Bushong', 'Coby', 'MedID8', 'b59c67bf196a4758191e42f76670ceba', 1, 'Thu 02/28/2019'),
(243, 'Stoltzfoos', 'Sharon ', 'MedID92', 'b59c67bf196a4758191e42f76670ceba', 1, 'Fri 03/08/2019'),
(244, 'Jennifer Failor', 'Jennifer Failor', 'MedID103', 'b59c67bf196a4758191e42f76670ceba', 1, 'Tue 03/19/2019'),
(245, 'Appleby', 'Paige', 'MedID286', 'b59c67bf196a4758191e42f76670ceba', 1, 'Tue 03/19/2019'),
(246, 'henry', 'erin', 'MedID209', 'b59c67bf196a4758191e42f76670ceba', 1, 'Tue 03/19/2019'),
(248, '', 'Ashley McClune', 'MedID190', 'b59c67bf196a4758191e42f76670ceba', 1, 'Tue 03/19/2019'),
(249, 'saleh', 'Moumin', 'MedID246', 'b59c67bf196a4758191e42f76670ceba', 1, 'Tue 03/19/2019'),
(250, 'Mitchell', 'Alexandra', 'MedID274', 'b59c67bf196a4758191e42f76670ceba', 1, 'Tue 03/19/2019'),
(251, 'doe', 'jon', 'MedID2', 'b59c67bf196a4758191e42f76670ceba', 1, 'Wed 03/20/2019'),
(252, 'Beiler', 'Mindy', 'MedID142', 'b59c67bf196a4758191e42f76670ceba', 1, 'Wed 03/20/2019'),
(253, 'Greenawalt', 'Paige', 'MedID221', 'b59c67bf196a4758191e42f76670ceba', 1, 'Wed 03/20/2019'),
(254, 'Ballant', 'Julyne', 'MedID138', 'b59c67bf196a4758191e42f76670ceba', 1, 'Wed 03/20/2019'),
(255, 'Brantley', 'Jenna', 'MedID235', 'b59c67bf196a4758191e42f76670ceba', 1, 'Wed 03/20/2019'),
(256, 'Emmens', 'Tania', 'MedID74', 'b59c67bf196a4758191e42f76670ceba', 1, 'Wed 03/20/2019'),
(257, 'Chery', 'Mary', 'MedID217', 'b59c67bf196a4758191e42f76670ceba', 1, 'Wed 03/20/2019'),
(258, 'Hess', 'Emily', 'MedID234', 'b59c67bf196a4758191e42f76670ceba', 1, 'Wed 03/20/2019'),
(259, 'Fleck', 'Kiersten', 'MedID78', 'b59c67bf196a4758191e42f76670ceba', 1, 'Wed 03/20/2019'),
(260, 'richards', 'nicholas', 'MedID70', 'b59c67bf196a4758191e42f76670ceba', 1, 'Wed 03/20/2019'),
(261, 'diaz', 'briana', 'MedID314', 'b59c67bf196a4758191e42f76670ceba', 1, 'Wed 03/20/2019'),
(262, 'reese', 'laurel', 'MedID237', 'b59c67bf196a4758191e42f76670ceba', 1, 'Wed 03/20/2019'),
(263, 'clements', 'keli', 'MedID210', 'b59c67bf196a4758191e42f76670ceba', 1, 'Wed 03/20/2019'),
(264, 'Hall', 'Steisha Hall', ' MedID66', 'b59c67bf196a4758191e42f76670ceba', 1, 'Wed 03/20/2019'),
(265, 'Hall', 'Steisha', 'MedID66', 'b59c67bf196a4758191e42f76670ceba', 1, 'Wed 03/20/2019'),
(266, 'Horning', 'Janae', 'MedID62', 'b59c67bf196a4758191e42f76670ceba', 1, 'Wed 03/20/2019'),
(267, 'vu', 'belinda', 'MedID58', 'b59c67bf196a4758191e42f76670ceba', 1, 'Wed 03/20/2019'),
(268, 'Swartzentruber', 'Sharon', 'MedID149', 'b59c67bf196a4758191e42f76670ceba', 1, 'Wed 03/20/2019'),
(269, 'cochran', 'laura', 'MedID206', 'b59c67bf196a4758191e42f76670ceba', 1, 'Wed 03/20/2019'),
(270, 'Binderup', 'Alison', 'MedID50', 'b59c67bf196a4758191e42f76670ceba', 1, 'Wed 03/20/2019'),
(271, 'siegrist', 'jana ', 'MedID46', 'b59c67bf196a4758191e42f76670ceba', 1, 'Wed 03/20/2019'),
(272, 'Murphy', 'Brad', 'MedID310', 'b59c67bf196a4758191e42f76670ceba', 1, 'Wed 03/20/2019'),
(273, 'McDonald', 'Mackenzie', 'MedID233', 'b59c67bf196a4758191e42f76670ceba', 1, 'Wed 03/20/2019'),
(274, 'bowman', 'nathaniel', 'MedID150', 'b59c67bf196a4758191e42f76670ceba', 1, 'Wed 03/20/2019'),
(275, 'penamontero', 'Yeny', 'MedID226', 'b59c67bf196a4758191e42f76670ceba', 1, 'Wed 03/20/2019'),
(276, 'skroly', 'daniel', 'MedID164', 'b59c67bf196a4758191e42f76670ceba', 1, 'Wed 03/20/2019'),
(277, 'nash', 'carley', 'MedID303', 'b59c67bf196a4758191e42f76670ceba', 1, 'Wed 03/20/2019'),
(278, 'moore', 'michelle', 'MedID230', 'b59c67bf196a4758191e42f76670ceba', 1, 'Wed 03/20/2019'),
(279, 'kachman', 'miranda', 'MedID229', 'b59c67bf196a4758191e42f76670ceba', 1, 'Wed 03/20/2019'),
(280, 'baluskie', 'claudia', 'MedID68', 'b59c67bf196a4758191e42f76670ceba', 1, 'Thu 03/21/2019'),
(281, 'Waters', 'Symira', 'MedID72', 'b59c67bf196a4758191e42f76670ceba', 1, 'Thu 03/21/2019'),
(282, 'HERNANDEZ', 'MARICELA', 'MedID158', 'b59c67bf196a4758191e42f76670ceba', 1, 'Thu 03/21/2019'),
(283, 'HERNANDEZ', 'MARICELA', 'mEDid158', 'b59c67bf196a4758191e42f76670ceba', 1, 'Thu 03/21/2019'),
(284, 'Kesselring', 'Chae', 'mEDid42', 'b59c67bf196a4758191e42f76670ceba', 1, 'Thu 03/21/2019'),
(285, 'Kesselring', 'Chae', 'MedID42', 'b59c67bf196a4758191e42f76670ceba', 1, 'Thu 03/21/2019'),
(286, 'nix', 'katlyn', 'MedID76', 'b59c67bf196a4758191e42f76670ceba', 1, 'Thu 03/21/2019'),
(287, 'Davis', 'Taylor', 'MedID38', 'b59c67bf196a4758191e42f76670ceba', 1, 'Thu 03/21/2019'),
(288, 'Tlumach', 'Timothy', 'MedID34', 'b59c67bf196a4758191e42f76670ceba', 1, 'Thu 03/21/2019'),
(289, 'frymyer', 'hannah', 'MedID22', 'b59c67bf196a4758191e42f76670ceba', 1, 'Mon 04/01/2019'),
(290, 'Hatfield', 'Cassandra', 'MedID18', 'b59c67bf196a4758191e42f76670ceba', 1, 'Mon 04/01/2019'),
(291, 'gray', 'michelle', 'MedID30', 'b59c67bf196a4758191e42f76670ceba', 1, 'Mon 04/01/2019'),
(292, 'Sherrill', 'Maude', 'MedID26', 'b59c67bf196a4758191e42f76670ceba', 1, 'Mon 04/01/2019'),
(293, 'Munion', 'Stephanie', 'MedID14', 'b59c67bf196a4758191e42f76670ceba', 1, 'Mon 04/01/2019'),
(294, 'C0NF1RM', 'holly', 'MedID10', 'b59c67bf196a4758191e42f76670ceba', 1, 'Mon 04/01/2019'),
(295, 'Pinckney', 'Latoia', 'MedID6', 'b59c67bf196a4758191e42f76670ceba', 1, 'Mon 04/01/2019'),
(296, 'Sweigart', 'Kaitlyn', 'MedID170', 'b59c67bf196a4758191e42f76670ceba', 1, 'Tue 04/02/2019'),
(297, 'Dunn', 'Tanya', 'MedID181', 'b59c67bf196a4758191e42f76670ceba', 1, 'Tue 04/02/2019'),
(298, 'wiegand', 'abbie', 'MedID57', 'b59c67bf196a4758191e42f76670ceba', 1, 'Tue 04/02/2019'),
(299, 'Gebreab', 'Fireweini', 'MedID197', 'b59c67bf196a4758191e42f76670ceba', 1, 'Tue 04/02/2019'),
(300, 'Ryan', 'Amy', 'MedID166', 'b59c67bf196a4758191e42f76670ceba', 1, 'Tue 04/02/2019'),
(301, 'Martin', 'Kaitlyn ', 'MedID282', 'b59c67bf196a4758191e42f76670ceba', 1, 'Tue 04/02/2019'),
(302, 'chaboya', 'savannah', 'MedID146', 'b59c67bf196a4758191e42f76670ceba', 1, 'Wed 04/03/2019'),
(303, 'MedID227', 'MedID297', 'MedID297', 'b59c67bf196a4758191e42f76670ceba', 1, 'Wed 04/03/2019'),
(304, 'Folk', 'Johnasha', 'MedID320', 'b59c67bf196a4758191e42f76670ceba', 1, 'Thu 04/04/2019'),
(305, 'beck', 'jackie', 'MedID324', 'b59c67bf196a4758191e42f76670ceba', 1, 'Thu 04/04/2019'),
(306, 'Mummau', 'Pollyann', 'MedID328', 'b59c67bf196a4758191e42f76670ceba', 1, 'Thu 04/04/2019'),
(308, 'Thompson', 'Cybil', 'MedID332', 'b59c67bf196a4758191e42f76670ceba', 1, 'Thu 04/04/2019'),
(309, 'PLONIS', 'MADISON', 'MedID344', 'b59c67bf196a4758191e42f76670ceba', 1, 'Fri 04/05/2019'),
(310, 'PLONIA', 'MADISON', 'mEDid344', 'b59c67bf196a4758191e42f76670ceba', 1, 'Fri 04/05/2019'),
(311, 'PLONIS', 'MADISON', 'mEDid360', 'b59c67bf196a4758191e42f76670ceba', 1, 'Fri 04/05/2019'),
(312, 'Martin', 'Ashleigh', 'mEDid368', 'b59c67bf196a4758191e42f76670ceba', 1, 'Fri 04/05/2019'),
(313, 'Martin', 'Ashleigh ', 'MedID368', 'b59c67bf196a4758191e42f76670ceba', 1, 'Fri 04/05/2019'),
(314, 'okereh', 'emeka', 'MedID356', 'b59c67bf196a4758191e42f76670ceba', 1, 'Fri 04/05/2019'),
(315, 'rodriguez', 'kelsi', 'MedID372', 'b59c67bf196a4758191e42f76670ceba', 1, 'Fri 04/05/2019'),
(316, 'Krape', 'Jennifer', 'MedID352', 'b59c67bf196a4758191e42f76670ceba', 1, 'Fri 04/05/2019'),
(318, 'Miller', 'Suzanne', 'MedID376', 'b59c67bf196a4758191e42f76670ceba', 1, 'Fri 04/05/2019'),
(319, 'Brown', 'Nydira', 'MedID380', 'b59c67bf196a4758191e42f76670ceba', 1, 'Fri 04/05/2019'),
(320, 'Boyd', 'Susan ', 'MedID384', 'b59c67bf196a4758191e42f76670ceba', 1, 'Tue 04/09/2019'),
(321, 'torres', 'jazlyn', 'MedID126', 'b59c67bf196a4758191e42f76670ceba', 1, 'Tue 04/09/2019'),
(322, 'Rogers', 'Stephen ', 'MedID459', 'b59c67bf196a4758191e42f76670ceba', 1, 'Mon 04/15/2019'),
(323, 'Zogby', 'Zoe', 'MedID438', 'b59c67bf196a4758191e42f76670ceba', 1, 'Mon 04/15/2019'),
(324, 'wolf', 'sarah', 'MedID439', 'b59c67bf196a4758191e42f76670ceba', 1, 'Mon 04/15/2019'),
(325, 'Reed', 'Taylor', 'MedID435', 'b59c67bf196a4758191e42f76670ceba', 1, 'Mon 04/15/2019'),
(326, 'danilyuk', 'kate', 'MedID396', 'b59c67bf196a4758191e42f76670ceba', 1, 'Mon 04/15/2019'),
(327, 'Suhrbier', 'C0NF1RM', 'MedID458', 'b59c67bf196a4758191e42f76670ceba', 1, 'Mon 04/15/2019'),
(328, 'swarr', 'hannah', 'MedID434', 'b59c67bf196a4758191e42f76670ceba', 1, 'Mon 04/15/2019'),
(329, 'Harvey', 'Kameron', 'MedID421', 'b59c67bf196a4758191e42f76670ceba', 1, 'Mon 04/15/2019'),
(330, 'Brubaker', 'Bailey', 'MedID420', 'b59c67bf196a4758191e42f76670ceba', 1, 'Mon 04/15/2019'),
(331, 'Atiamoin', 'Akossiwa', 'MedID457', 'b59c67bf196a4758191e42f76670ceba', 1, 'Mon 04/15/2019'),
(332, 'Wilt', 'Meghan', 'MedID478', 'b59c67bf196a4758191e42f76670ceba', 1, 'Mon 04/15/2019'),
(333, 'Shepherd', 'Ashley', 'MedID473', 'b59c67bf196a4758191e42f76670ceba', 1, 'Mon 04/15/2019'),
(334, 'Sheaffer', 'Kasie', 'MedID433', 'b59c67bf196a4758191e42f76670ceba', 1, 'Mon 04/15/2019'),
(335, 'CANCE1', 'MedID456', 'MedID456', 'b59c67bf196a4758191e42f76670ceba', 1, 'Mon 04/15/2019'),
(336, 'Kohler', 'nicolette', 'MedID475', 'b59c67bf196a4758191e42f76670ceba', 1, 'Mon 04/15/2019'),
(337, 'Bushong', 'Coby', 'MedID8', 'b59c67bf196a4758191e42f76670ceba', 1, 'Thu 02/28/2019'),
(338, 'alvarez', 'xavier', 'MedID273', 'b59c67bf196a4758191e42f76670ceba', 1, 'Tue 03/19/2019'),
(339, 'Auman', 'Adriane', 'MedID261', 'b59c67bf196a4758191e42f76670ceba', 1, 'Tue 03/19/2019'),
(340, 'griffiths', 'sydney', 'MedID124', 'b59c67bf196a4758191e42f76670ceba', 1, 'Tue 03/19/2019'),
(341, 'zlatkin', 'lizeth', 'MedID317', 'b59c67bf196a4758191e42f76670ceba', 1, 'Tue 03/19/2019'),
(342, 'Pierre', 'Stessie', 'MedID198', 'b59c67bf196a4758191e42f76670ceba', 1, 'Tue 03/19/2019'),
(343, 'moore', 'taylor', 'MedID293', 'b59c67bf196a4758191e42f76670ceba', 1, 'Tue 03/19/2019'),
(344, 'Rivera', 'Kayla', 'MedID205', 'b59c67bf196a4758191e42f76670ceba', 1, 'Tue 03/19/2019'),
(345, 'Lambert', 'Daiya', 'MedID95', 'b59c67bf196a4758191e42f76670ceba', 1, 'Tue 04/16/2019'),
(346, 'Spatz', 'Gabrielle', 'MedID455', 'b59c67bf196a4758191e42f76670ceba', 1, 'Tue 04/16/2019'),
(347, 'Talbert', 'Kendra', 'MedID388', 'b59c67bf196a4758191e42f76670ceba', 1, 'Tue 04/16/2019'),
(348, 'Kohr', 'Cassandra', 'MedID83', 'b59c67bf196a4758191e42f76670ceba', 1, 'Tue 04/16/2019'),
(349, 'rohrer', 'kate', 'MedID474', 'b59c67bf196a4758191e42f76670ceba', 1, 'Tue 04/16/2019'),
(351, 'schaum', 'connor', 'MedID453', 'b59c67bf196a4758191e42f76670ceba', 1, 'Thu 04/18/2019'),
(352, 'Snavely', 'kelsey', 'MedID454', 'b59c67bf196a4758191e42f76670ceba', 1, 'Thu 04/18/2019'),
(353, 'Ness', 'Erin', 'MedID423', 'b59c67bf196a4758191e42f76670ceba', 1, 'Thu 04/18/2019'),
(354, 'Martorell', 'Erika', 'MedID422', 'b59c67bf196a4758191e42f76670ceba', 1, 'Thu 04/18/2019'),
(355, 'Shaffer', 'Anthony', 'MedID424', 'b59c67bf196a4758191e42f76670ceba', 1, 'Thu 04/18/2019'),
(356, 'Skrabak', 'Leah', 'MedID386', 'b59c67bf196a4758191e42f76670ceba', 1, 'Thu 04/18/2019'),
(357, 'Inthaphone', 'Iona', 'MedID461', 'b59c67bf196a4758191e42f76670ceba', 1, 'Thu 04/18/2019'),
(358, 'Wintermyer', 'Destiny', 'MedID431', 'b59c67bf196a4758191e42f76670ceba', 1, 'Thu 04/18/2019'),
(359, 'rodriguez', 'victor', 'MedID427', 'b59c67bf196a4758191e42f76670ceba', 1, 'Thu 04/18/2019'),
(360, 'mahmutovic', 'sanela', 'MedID429', 'b59c67bf196a4758191e42f76670ceba', 1, 'Thu 04/18/2019'),
(361, 'Evans', 'Katelyn', 'MedID382', 'b59c67bf196a4758191e42f76670ceba', 1, 'Thu 04/18/2019'),
(362, 'Miller', 'Morgan', 'MedID378', 'b59c67bf196a4758191e42f76670ceba', 1, 'Thu 04/18/2019'),
(363, 'Whitehead', 'Lance', 'MedID370', 'b59c67bf196a4758191e42f76670ceba', 1, 'Thu 04/18/2019'),
(364, 'wade', 'julia', 'MedID362', 'b59c67bf196a4758191e42f76670ceba', 1, 'Fri 04/19/2019'),
(365, 'Sensenig', 'Laura', 'MedID425', 'b59c67bf196a4758191e42f76670ceba', 1, 'Fri 04/19/2019'),
(366, 'Provost', 'Madison', 'MedID430', 'b59c67bf196a4758191e42f76670ceba', 1, 'Fri 04/19/2019'),
(367, 'Vicente', 'Xavier', 'MedID472', 'b59c67bf196a4758191e42f76670ceba', 1, 'Mon 04/22/2019'),
(369, 'Schmidt', 'Danielle ', 'MedID338', 'b59c67bf196a4758191e42f76670ceba', 1, 'Wed 04/24/2019'),
(370, 'stum', 'kylie', 'MedID342', 'b59c67bf196a4758191e42f76670ceba', 1, 'Wed 04/24/2019'),
(371, 'Brenneman', 'Allison', 'MedID358', 'b59c67bf196a4758191e42f76670ceba', 1, 'Wed 04/24/2019'),
(372, 'Pisarek', 'Jessica', 'MedID354', 'b59c67bf196a4758191e42f76670ceba', 1, 'Wed 04/24/2019'),
(373, 'Ogunleye', 'Gloria', 'MedID330', 'b59c67bf196a4758191e42f76670ceba', 1, 'Wed 04/24/2019'),
(374, 'Weibel', 'Mandy', 'MedID326', 'b59c67bf196a4758191e42f76670ceba', 1, 'Wed 04/24/2019'),
(375, 'Angstadt', 'Madison', 'MedID387', 'b59c67bf196a4758191e42f76670ceba', 1, 'Thu 04/25/2019'),
(376, 'Bare', 'Hannah', 'MedID391', 'b59c67bf196a4758191e42f76670ceba', 1, 'Thu 04/25/2019'),
(377, 'Odusoga', 'Omobolanle', 'MedID395', 'b59c67bf196a4758191e42f76670ceba', 1, 'Thu 04/25/2019'),
(378, 'Stoltzfus', 'Darren', 'MedID399', 'b59c67bf196a4758191e42f76670ceba', 1, 'Thu 04/25/2019'),
(379, 'Burkhalter', 'James', 'MedID238', 'b59c67bf196a4758191e42f76670ceba', 1, 'Mon 04/29/2019'),
(380, 'Faria', 'Meghan', 'MedID121', 'b59c67bf196a4758191e42f76670ceba', 1, 'Mon 04/29/2019'),
(381, 'Phillips', 'Ashlyn', 'MedID21', 'b59c67bf196a4758191e42f76670ceba', 1, 'Mon 04/29/2019'),
(382, 'Phillips', 'Ashlyn', 'MedID21', 'b59c67bf196a4758191e42f76670ceba', 1, 'Mon 04/29/2019'),
(383, 'batty', 'laveena', 'MedID471', 'b59c67bf196a4758191e42f76670ceba', 1, 'Mon 04/29/2019'),
(384, 'swisher', 'adison', 'MedID37', 'b59c67bf196a4758191e42f76670ceba', 1, 'Mon 04/29/2019'),
(385, 'haskins', 'allison', 'MedID106', 'b59c67bf196a4758191e42f76670ceba', 1, 'Tue 04/30/2019'),
(386, 'haskins', 'allison', 'MedID106', 'b59c67bf196a4758191e42f76670ceba', 1, 'Tue 04/30/2019'),
(387, 'Rawa', 'Claudia', 'MedID118', 'b59c67bf196a4758191e42f76670ceba', 1, 'Tue 04/30/2019'),
(388, 'Loughner', 'Shannon', 'MedID130', 'b59c67bf196a4758191e42f76670ceba', 1, 'Tue 04/30/2019'),
(389, 'Shields', 'Diana', 'MedID9', 'b59c67bf196a4758191e42f76670ceba', 1, 'Wed 05/01/2019'),
(390, 'ampaw', 'vanessa', 'MedID383', 'b59c67bf196a4758191e42f76670ceba', 1, 'Wed 05/01/2019'),
(391, 'Wild', 'Jesselyn', 'MedID17', 'b59c67bf196a4758191e42f76670ceba', 1, 'Wed 05/01/2019'),
(392, 'Kautz', 'Shae', 'MedID469', 'b59c67bf196a4758191e42f76670ceba', 1, 'Thu 05/30/2019'),
(393, 'Best', 'Nicholai', 'MedID470', 'b59c67bf196a4758191e42f76670ceba', 1, 'Fri 05/31/2019'),
(394, 'Grumbling', 'Brittany', 'MedID325', 'b59c67bf196a4758191e42f76670ceba', 1, 'Fri 05/31/2019'),
(395, 'mayanja', 'sarah', 'MedID333', 'b59c67bf196a4758191e42f76670ceba', 1, 'Fri 05/31/2019'),
(396, 'Plank', 'Erik', 'MedID329', 'b59c67bf196a4758191e42f76670ceba', 1, 'Fri 05/31/2019'),
(397, 'Nies', 'Cara', 'MedID464', 'b59c67bf196a4758191e42f76670ceba', 1, 'Fri 05/31/2019'),
(398, 'Gilbert', 'Rebekah', 'MedID463', 'b59c67bf196a4758191e42f76670ceba', 1, 'Fri 05/31/2019'),
(399, 'johnson', 'april', 'MedID341', 'b59c67bf196a4758191e42f76670ceba', 1, 'Fri 05/31/2019'),
(400, 'Geib', 'Evan', 'MedID321', 'b59c67bf196a4758191e42f76670ceba', 1, 'Fri 05/31/2019'),
(401, 'bello', 'jocelyn', 'MedID468', 'b59c67bf196a4758191e42f76670ceba', 1, 'Fri 05/31/2019'),
(402, 'bello', 'jocelyn ', 'MedID468', 'b59c67bf196a4758191e42f76670ceba', 1, 'Fri 05/31/2019'),
(403, 'Wasiewski', 'Dana', 'MedID327', 'b59c67bf196a4758191e42f76670ceba', 1, 'Wed 06/05/2019'),
(404, 'Peiffer', 'Mackenzie', 'MedID449', 'b59c67bf196a4758191e42f76670ceba', 1, 'Wed 06/05/2019'),
(405, 'Moore', 'Kendra', 'MedID452', 'b59c67bf196a4758191e42f76670ceba', 1, 'Wed 06/05/2019'),
(406, 'Frank', 'Alesha', 'MedID379', 'b59c67bf196a4758191e42f76670ceba', 1, 'Wed 06/05/2019'),
(407, 'Rutt', 'Michelle', 'MedID450', 'b59c67bf196a4758191e42f76670ceba', 1, 'Wed 06/05/2019'),
(408, 'Kohl', 'Amy', 'MedID451', 'b59c67bf196a4758191e42f76670ceba', 1, 'Wed 06/05/2019'),
(409, 'Bollinger', 'Katelyn', 'MedID323', 'b59c67bf196a4758191e42f76670ceba', 1, 'Wed 06/05/2019'),
(410, 'Albertoli', 'Marie', 'MedID428', 'b59c67bf196a4758191e42f76670ceba', 1, 'Wed 06/05/2019'),
(411, 'ibeke', 'daniel', 'MedID445', 'b59c67bf196a4758191e42f76670ceba', 1, 'Fri 06/07/2019'),
(412, 'Easton', 'Asia', 'MedID440', 'b59c67bf196a4758191e42f76670ceba', 1, 'Fri 06/07/2019'),
(413, 'jean', 'clelia', 'MedID441', 'b59c67bf196a4758191e42f76670ceba', 1, 'Fri 06/07/2019'),
(414, 'Arroyo', 'Jennifer', 'MedID443', 'b59c67bf196a4758191e42f76670ceba', 1, 'Fri 06/07/2019'),
(415, 'Aller', 'Ashley', 'MedID446', 'b59c67bf196a4758191e42f76670ceba', 1, 'Fri 06/07/2019'),
(416, 'leah', 'monicah', 'MedID448', 'b59c67bf196a4758191e42f76670ceba', 1, 'Fri 06/07/2019'),
(417, 'Davis-biah', 'josephine', 'MedID361', 'b59c67bf196a4758191e42f76670ceba', 1, 'Fri 06/07/2019'),
(418, 'kapongo', 'laurent', 'MedID357', 'b59c67bf196a4758191e42f76670ceba', 1, 'Fri 06/07/2019'),
(419, 'silva', 'frank', 'MedID442', 'b59c67bf196a4758191e42f76670ceba', 1, 'Fri 06/07/2019'),
(420, 'Deatrick', 'Tara', 'MedID373', 'b59c67bf196a4758191e42f76670ceba', 1, 'Fri 06/07/2019'),
(421, 'Deatrick', 'Tara', 'MedID373', 'b59c67bf196a4758191e42f76670ceba', 1, 'Fri 06/07/2019'),
(423, 'Good', 'Kimberly', 'MedID353', 'b59c67bf196a4758191e42f76670ceba', 1, 'Fri 06/07/2019'),
(424, 'MedID361', 'MedID361', 'MedID369', 'b59c67bf196a4758191e42f76670ceba', 1, 'Fri 06/07/2019'),
(425, 'Martin', 'Keith', 'MedID381', 'b59c67bf196a4758191e42f76670ceba', 1, 'Mon 06/10/2019'),
(426, 'Sanchez-Lutchkus', 'Eulalia', 'MedID397', 'b59c67bf196a4758191e42f76670ceba', 1, 'Mon 06/10/2019'),
(427, 'Rennix', 'Jasmynne', 'MedID389', 'b59c67bf196a4758191e42f76670ceba', 1, 'Mon 06/10/2019'),
(428, 'Geibe', 'Sierra', 'MedID393', 'b59c67bf196a4758191e42f76670ceba', 1, 'Mon 06/10/2019'),
(429, 'Kinsey', 'Jennifer', 'MedID385', 'b59c67bf196a4758191e42f76670ceba', 1, 'Mon 06/10/2019'),
(430, 'Baluskie', 'Claudia', 'MedID68', 'b59c67bf196a4758191e42f76670ceba', 1, 'Mon 06/10/2019'),
(431, 'Riddle', 'Katie', 'MedID367', 'b59c67bf196a4758191e42f76670ceba', 1, 'Wed 06/12/2019'),
(432, 'Nieves', 'Jennifer', 'MedID375', 'b59c67bf196a4758191e42f76670ceba', 1, 'Wed 06/12/2019'),
(433, 'Esbenshade', 'Kassia', 'MedID331', 'b59c67bf196a4758191e42f76670ceba', 1, 'Wed 06/12/2019'),
(434, 'Miriello', 'COlleen', 'MedID363', 'b59c67bf196a4758191e42f76670ceba', 1, 'Wed 06/12/2019'),
(435, 'Sattazahn', 'Mackenzie', 'MedID371', 'b59c67bf196a4758191e42f76670ceba', 1, 'Wed 06/12/2019'),
(436, 'Beatty', 'Abby', 'MedID359', 'b59c67bf196a4758191e42f76670ceba', 1, 'Wed 06/12/2019'),
(437, 'hernandez', 'anel', 'MedID390', 'b59c67bf196a4758191e42f76670ceba', 1, 'Thu 04/18/2019'),
(438, 'Kessler', 'Lindsey', 'MedID334', 'b59c67bf196a4758191e42f76670ceba', 1, 'Wed 04/24/2019'),
(439, 'Crampton', 'Kristina', 'MedID346', 'b59c67bf196a4758191e42f76670ceba', 1, 'Wed 04/24/2019'),
(440, 'Leaman', 'Candace', 'MedID568', 'b59c67bf196a4758191e42f76670ceba', 1, 'Mon 06/17/2019'),
(441, 'geary', 'megan', 'MedID572', 'b59c67bf196a4758191e42f76670ceba', 1, 'Mon 06/17/2019'),
(442, 'Reiff', 'Shannon', 'MedID576', 'b59c67bf196a4758191e42f76670ceba', 1, 'Mon 06/17/2019'),
(443, 'pasko', 'elishabeth', 'MedID347', 'b59c67bf196a4758191e42f76670ceba', 1, 'Mon 06/17/2019'),
(444, 'Atkinson', 'Brittani', 'MedID564', 'b59c67bf196a4758191e42f76670ceba', 1, 'Mon 06/17/2019'),
(445, 'Mellinger', 'Rachel', 'MedID343', 'b59c67bf196a4758191e42f76670ceba', 1, 'Mon 06/17/2019'),
(446, 'Hoover', 'Ezra', 'MedID351', 'b59c67bf196a4758191e42f76670ceba', 1, 'Mon 06/17/2019'),
(447, 'Marchhart', 'Thomas', 'MedID580', 'b59c67bf196a4758191e42f76670ceba', 1, 'Tue 06/18/2019'),
(448, 'Ranck', 'Tori', 'MedID584', 'b59c67bf196a4758191e42f76670ceba', 1, 'Tue 06/18/2019'),
(449, 'Stiffler', 'Hannah', 'MedID592', 'b59c67bf196a4758191e42f76670ceba', 1, 'Tue 06/18/2019'),
(450, 'Coon', 'Bailey', 'MedID600', 'b59c67bf196a4758191e42f76670ceba', 1, 'Tue 06/18/2019'),
(451, 'Slattery', 'Erin', 'MedID588', 'b59c67bf196a4758191e42f76670ceba', 1, 'Tue 06/18/2019'),
(452, 'HERNANDEZ', 'MARCI HERNANDEZ', 'MedID604', 'b59c67bf196a4758191e42f76670ceba', 1, 'Tue 06/18/2019'),
(453, 'Parmer', 'Maeghan', 'mEDid596', 'b59c67bf196a4758191e42f76670ceba', 1, 'Tue 06/18/2019'),
(454, 'Parmer', 'Maeghan', 'MedID596', 'b59c67bf196a4758191e42f76670ceba', 1, 'Tue 06/18/2019'),
(455, 'Garcia', 'Lorraine', 'MedID612', 'b59c67bf196a4758191e42f76670ceba', 1, 'Thu 06/20/2019'),
(456, 'Shuman', 'Nicole', 'MedID616', 'b59c67bf196a4758191e42f76670ceba', 1, 'Thu 06/20/2019'),
(457, 'Pittman', 'Rachel', 'MedID608', 'b59c67bf196a4758191e42f76670ceba', 1, 'Thu 06/20/2019'),
(458, 'Dubs', 'Hayley', 'MedID339', 'b59c67bf196a4758191e42f76670ceba', 1, 'Thu 06/20/2019'),
(459, 'dohner', 'gabrielle', 'MedID335', 'b59c67bf196a4758191e42f76670ceba', 1, 'Thu 06/20/2019'),
(460, 'Koenig', 'Caitlin', 'MedID640', 'b59c67bf196a4758191e42f76670ceba', 1, 'Thu 06/20/2019'),
(461, 'giourtis', 'natali', 'MedID636', 'b59c67bf196a4758191e42f76670ceba', 1, 'Thu 06/20/2019'),
(462, 'Hake', 'Britni', 'MedID632', 'b59c67bf196a4758191e42f76670ceba', 1, 'Thu 06/20/2019'),
(463, 'Gregory', 'Denise', 'MedID624', 'b59c67bf196a4758191e42f76670ceba', 1, 'Thu 06/20/2019'),
(464, 'rivera', 'elizabeth', 'MedID620', 'b59c67bf196a4758191e42f76670ceba', 1, 'Thu 06/20/2019'),
(465, 'Rexroth', 'Katelyn', 'MedID635', 'b59c67bf196a4758191e42f76670ceba', 1, 'Thu 06/20/2019'),
(466, 'Chuwan', 'Radhika', 'MedID631', 'b59c67bf196a4758191e42f76670ceba', 1, 'Thu 06/20/2019'),
(467, 'Reed', 'Morgan ', 'MedID627', 'b59c67bf196a4758191e42f76670ceba', 1, 'Fri 06/21/2019'),
(468, 'Wolf', 'Michelle', 'MedID615', 'b59c67bf196a4758191e42f76670ceba', 1, 'Fri 06/21/2019'),
(469, 'Perugorria', 'Jennifer', 'MedID619', 'b59c67bf196a4758191e42f76670ceba', 1, 'Fri 06/21/2019'),
(470, 'fdsa', 'bob', 'MEDID123', 'b59c67bf196a4758191e42f76670ceba', 1, 'Wed 07/17/2019'),
(472, 'Best', 'Nicholai', 'MedID611', 'b59c67bf196a4758191e42f76670ceba', 1, 'Wed 07/31/2019'),
(473, 'Hestor', 'Dawn', 'MedID583', 'b59c67bf196a4758191e42f76670ceba', 1, 'Fri 08/30/2019'),
(474, 'Maurus', 'holly', 'MedID595', 'b59c67bf196a4758191e42f76670ceba', 1, 'Fri 08/30/2019'),
(475, 'DiCiano', 'Katie', 'MedID591', 'b59c67bf196a4758191e42f76670ceba', 1, 'Fri 08/30/2019'),
(477, 'Harter', 'Mark', 'MedID603', 'b59c67bf196a4758191e42f76670ceba', 1, 'Thu 09/05/2019'),
(478, 'shambaugh', 'sara', 'MedID348', 'b59c67bf196a4758191e42f76670ceba', 1, 'Tue 09/10/2019'),
(479, 'Dommel', 'Lynne', 'MedID336', 'b59c67bf196a4758191e42f76670ceba', 1, 'Tue 09/10/2019'),
(480, 'Schaum', 'Connor', 'MedID575', 'b59c67bf196a4758191e42f76670ceba', 1, 'Wed 09/11/2019'),
(481, 'viola', 'linda', 'MedID630', 'b59c67bf196a4758191e42f76670ceba', 1, 'Fri 09/13/2019'),
(482, 'Neopaney', 'Radhika', 'MedID594', 'b59c67bf196a4758191e42f76670ceba', 1, 'Thu 09/26/2019'),
(483, 'powell', 'ashley', 'MedID590', 'b59c67bf196a4758191e42f76670ceba', 1, 'Thu 09/26/2019'),
(484, 'sheaffer', 'kasie', 'MedID582', 'b59c67bf196a4758191e42f76670ceba', 1, 'Mon 09/30/2019'),
(485, 'odusoga', 'bolanle', 'MedID574', 'b59c67bf196a4758191e42f76670ceba', 1, 'Tue 10/01/2019'),
(487, 'Beiler', 'kayla', 'MedID562', 'b59c67bf196a4758191e42f76670ceba', 1, 'Wed 10/02/2019'),
(488, 'morse', 'chandler', 'MedID566', 'b59c67bf196a4758191e42f76670ceba', 1, 'Wed 10/02/2019'),
(489, 'King', 'Kianna', 'MedID570', 'b59c67bf196a4758191e42f76670ceba', 1, 'Wed 10/02/2019'),
(490, 'flaim', 'joe', 'MedID312', 'b59c67bf196a4758191e42f76670ceba', 1, 'Wed 10/02/2019'),
(491, 'lim', 'sarah', 'MedID561', 'b59c67bf196a4758191e42f76670ceba', 1, 'Wed 10/02/2019'),
(492, 'Powers', 'Madalyn', 'MedID569', 'b59c67bf196a4758191e42f76670ceba', 1, 'Wed 10/02/2019'),
(493, 'Myers', 'Taylor', 'MedID573', 'b59c67bf196a4758191e42f76670ceba', 1, 'Wed 10/02/2019'),
(494, 'Stone', 'Courtney', 'MedID577', 'b59c67bf196a4758191e42f76670ceba', 1, 'Wed 10/02/2019'),
(495, 'Best', 'Nicholai', 'MedID637', 'b59c67bf196a4758191e42f76670ceba', 1, 'Sat 10/05/2019'),
(496, 'hARRIS', 'natalie', 'MedID581', 'b59c67bf196a4758191e42f76670ceba', 1, 'Tue 10/08/2019'),
(497, 'HARRIS', 'NATALIE', 'mEDid581', 'b59c67bf196a4758191e42f76670ceba', 1, 'Tue 10/08/2019'),
(498, 'Carvajal', 'Julissa', 'mEDid585', 'b59c67bf196a4758191e42f76670ceba', 1, 'Tue 10/08/2019'),
(499, 'Carvajal', 'Tori Kilgore', 'MedID633', 'b59c67bf196a4758191e42f76670ceba', 1, 'Tue 10/08/2019'),
(500, 'Go', 'Tanya', 'MedID625', 'b59c67bf196a4758191e42f76670ceba', 1, 'Tue 10/08/2019'),
(501, 'Keller', 'Justina', 'MedID617', 'b59c67bf196a4758191e42f76670ceba', 1, 'Tue 10/08/2019'),
(502, 'clark', 'angela', 'MedID613', 'b59c67bf196a4758191e42f76670ceba', 1, 'Tue 10/08/2019'),
(503, 'Concannon', 'Ryan ', 'MedID629', 'b59c67bf196a4758191e42f76670ceba', 1, 'Tue 10/08/2019'),
(504, 'Trout', 'Jordan', 'MedID621', 'b59c67bf196a4758191e42f76670ceba', 1, 'Tue 10/08/2019'),
(505, 'Carvajal', 'Julissa', 'MedID585', 'b59c67bf196a4758191e42f76670ceba', 1, 'Tue 10/08/2019'),
(506, 'Than', 'Uyen Than', 'MedID114', 'b59c67bf196a4758191e42f76670ceba', 1, 'Tue 10/08/2019'),
(507, 'leitzell', 'madison', 'MedID340', 'b59c67bf196a4758191e42f76670ceba', 1, 'Tue 10/08/2019'),
(509, 'BEST', 'NICHOLAI', 'mEDid637', 'b59c67bf196a4758191e42f76670ceba', 1, 'Fri 10/11/2019'),
(510, 'Kadilak', 'Madelyn', 'MedID601', 'b59c67bf196a4758191e42f76670ceba', 1, 'Mon 10/14/2019'),
(511, 'Barrick', 'Kimberly ', 'MedID476', 'b59c67bf196a4758191e42f76670ceba', 1, 'Mon 10/14/2019'),
(512, 'Brown', 'Nydira ', 'MedID597', 'b59c67bf196a4758191e42f76670ceba', 1, 'Mon 10/14/2019'),
(513, 'Kristen', 'Kristen', 'MedID622', 'b59c67bf196a4758191e42f76670ceba', 1, 'Mon 10/14/2019'),
(514, 'Balmer', 'Bethany', 'MedID593', 'b59c67bf196a4758191e42f76670ceba', 1, 'Tue 10/15/2019'),
(515, 'Livote', 'Loren', 'MedID589', 'b59c67bf196a4758191e42f76670ceba', 1, 'Tue 10/15/2019'),
(516, 'mclucas', 'morgan', 'MedID634', 'b59c67bf196a4758191e42f76670ceba', 1, 'Wed 10/16/2019'),
(517, 'logdahl', 'toni', 'MedID308', 'b59c67bf196a4758191e42f76670ceba', 1, 'Wed 10/16/2019'),
(518, 'kunkelman', 'danielle', 'MedID567', 'b59c67bf196a4758191e42f76670ceba', 1, 'Wed 10/16/2019'),
(520, 'Tallierchio', 'Crystal', 'MedID812', 'b59c67bf196a4758191e42f76670ceba', 1, 'Sun 10/20/2019'),
(521, 'Hamm', 'Amelia', 'MedID816', 'b59c67bf196a4758191e42f76670ceba', 1, 'Sun 10/20/2019'),
(522, 'Her', 'Pasher', 'MedID732', 'b59c67bf196a4758191e42f76670ceba', 1, 'Sun 10/20/2019'),
(523, 'White', 'Amber', 'MedID736', 'b59c67bf196a4758191e42f76670ceba', 1, 'Sun 10/20/2019'),
(524, 'Poindexter', 'Cecily', 'MedID740', 'b59c67bf196a4758191e42f76670ceba', 1, 'Sun 10/20/2019'),
(525, 'Swope', 'Autumn', 'MedID760', 'b59c67bf196a4758191e42f76670ceba', 1, 'Sun 10/20/2019'),
(526, 'Davalos', 'Eden', 'MedID752', 'b59c67bf196a4758191e42f76670ceba', 1, 'Sun 10/20/2019'),
(527, 'Refford', 'Emily', 'MedID756', 'b59c67bf196a4758191e42f76670ceba', 1, 'Sun 10/20/2019'),
(528, 'Opinaldo', 'Jennifer', 'MedID728', 'b59c67bf196a4758191e42f76670ceba', 1, 'Sun 10/20/2019'),
(529, 'Grow', 'Julius ', 'MedID764', 'b59c67bf196a4758191e42f76670ceba', 1, 'Sun 10/20/2019'),
(530, 'bailey', 'anastasia', 'MedID744', 'b59c67bf196a4758191e42f76670ceba', 1, 'Sun 10/20/2019'),
(531, 'Smith', 'Pam', 'MedID748', 'b59c67bf196a4758191e42f76670ceba', 1, 'Sun 10/20/2019'),
(532, 'Dudley', 'Chariti', 'MedID773', 'b59c67bf196a4758191e42f76670ceba', 1, 'Sun 10/20/2019'),
(533, 'Burns', 'Stefanie', 'MedID776', 'b59c67bf196a4758191e42f76670ceba', 1, 'Sun 10/20/2019'),
(534, 'brandt', 'nicole', 'MedID777', 'b59c67bf196a4758191e42f76670ceba', 1, 'Sun 10/20/2019'),
(535, 'fleischer', 'rebecca', 'MedID768', 'b59c67bf196a4758191e42f76670ceba', 1, 'Sun 10/20/2019'),
(536, 'Whitaker', 'Tammy', 'MedID772', 'b59c67bf196a4758191e42f76670ceba', 1, 'Sun 10/20/2019'),
(537, 'Heinbaugh', 'Ashley', 'MedID824', 'b59c67bf196a4758191e42f76670ceba', 1, 'Sun 10/20/2019'),
(538, 'kamau', 'hildah', 'MedID808', 'b59c67bf196a4758191e42f76670ceba', 1, 'Sun 10/20/2019'),
(539, 'Gutierrez', 'Hilda', 'MedID820', 'b59c67bf196a4758191e42f76670ceba', 1, 'Sun 10/20/2019'),
(540, 'Myer', 'Emily', 'MedID828', 'b59c67bf196a4758191e42f76670ceba', 1, 'Sun 10/20/2019'),
(541, 'Holmes', 'Danielle', 'MedID836', 'b59c67bf196a4758191e42f76670ceba', 1, 'Sun 10/20/2019'),
(542, 'Giaccone', 'J\'aime', 'MedID832', 'b59c67bf196a4758191e42f76670ceba', 1, 'Sun 10/20/2019'),
(543, 'Rodriguez', 'Ivelisse', 'MedID848', 'b59c67bf196a4758191e42f76670ceba', 1, 'Sun 10/20/2019'),
(544, 'Everwine', 'Maureen', 'MedID845', 'b59c67bf196a4758191e42f76670ceba', 1, 'Sun 10/20/2019'),
(545, 'sanabria', 'judy', 'MedID844', 'b59c67bf196a4758191e42f76670ceba', 1, 'Sun 10/20/2019'),
(546, 'Arciniegas', 'Jennifer', 'MedID840', 'b59c67bf196a4758191e42f76670ceba', 1, 'Sun 10/20/2019'),
(547, 'cho', 'ashley', 'MedID841', 'b59c67bf196a4758191e42f76670ceba', 1, 'Sun 10/20/2019'),
(548, 'Miller', 'Becky', 'MedID849', 'b59c67bf196a4758191e42f76670ceba', 1, 'Sun 10/20/2019'),
(549, 'Noll', 'Caitlin', 'MedID853', 'b59c67bf196a4758191e42f76670ceba', 1, 'Sun 10/20/2019'),
(550, 'Diller', 'Jennifer', 'MedID852', 'b59c67bf196a4758191e42f76670ceba', 1, 'Sun 10/20/2019'),
(551, 'Brown', 'Jessica', 'MedID837', 'b59c67bf196a4758191e42f76670ceba', 1, 'Sun 10/20/2019'),
(552, 'Otero', 'Jennifer', 'MedID833', 'b59c67bf196a4758191e42f76670ceba', 1, 'Sun 10/20/2019'),
(553, 'Brown', 'samantha', 'MedID829', 'b59c67bf196a4758191e42f76670ceba', 1, 'Sun 10/20/2019'),
(554, 'Brunner', 'Addison', 'MedID825', 'b59c67bf196a4758191e42f76670ceba', 1, 'Sun 10/20/2019'),
(555, 'Rivera', 'Gypsy', 'MedID813', 'b59c67bf196a4758191e42f76670ceba', 1, 'Sun 10/20/2019'),
(556, 'Minnich', 'Ashlea', 'MedID817', 'b59c67bf196a4758191e42f76670ceba', 1, 'Sun 10/20/2019'),
(557, 'chuwan', 'madhap', 'MedID821', 'b59c67bf196a4758191e42f76670ceba', 1, 'Sun 10/20/2019'),
(558, 'Corman', 'Holly', 'MedID774', 'b59c67bf196a4758191e42f76670ceba', 1, 'Sun 10/20/2019'),
(559, 'moua', 'melina', 'MedID769', 'b59c67bf196a4758191e42f76670ceba', 1, 'Sun 10/20/2019'),
(560, 'mayanja', 'sarah', 'MedID778', 'b59c67bf196a4758191e42f76670ceba', 1, 'Sun 10/20/2019'),
(561, 'Hoffacker', 'Katie', 'MedID753', 'b59c67bf196a4758191e42f76670ceba', 1, 'Sun 10/20/2019'),
(562, 'Metzger', 'Hope', 'MedID757', 'b59c67bf196a4758191e42f76670ceba', 1, 'Sun 10/20/2019'),
(563, 'Heim', 'Tiffany', 'MedID761', 'b59c67bf196a4758191e42f76670ceba', 1, 'Sun 10/20/2019'),
(564, 'Lopez', 'Celymar', 'MedID749', 'b59c67bf196a4758191e42f76670ceba', 1, 'Sun 10/20/2019'),
(565, 'Wilder', 'Gabrielle', 'MedID765', 'b59c67bf196a4758191e42f76670ceba', 1, 'Sun 10/20/2019'),
(566, 'Heim', 'Tiffany', 'MedID761', 'b59c67bf196a4758191e42f76670ceba', 1, 'Sun 10/20/2019'),
(567, 'Burke', 'Angie', 'MedID745', 'b59c67bf196a4758191e42f76670ceba', 1, 'Sun 10/20/2019'),
(568, 'Weller', 'Corinne', 'MedID737', 'b59c67bf196a4758191e42f76670ceba', 1, 'Sun 10/20/2019'),
(569, 'Beiler', 'Ronna', 'MedID741', 'b59c67bf196a4758191e42f76670ceba', 1, 'Sun 10/20/2019'),
(570, 'Rexroth', 'Katy', 'MedID733', 'b59c67bf196a4758191e42f76670ceba', 1, 'Sun 10/20/2019'),
(571, 'Santana', 'Yadira', 'MedID775', 'b59c67bf196a4758191e42f76670ceba', 1, 'Sun 10/20/2019'),
(572, 'Davis', 'Danielle', 'MedID779', 'b59c67bf196a4758191e42f76670ceba', 1, 'Sun 10/20/2019');
INSERT INTO `users` (`id`, `FirstName`, `LastName`, `Barcode`, `Pin`, `AccessLevel`, `StartDate`) VALUES
(573, 'Nixon', 'Tina', 'MedID766', 'b59c67bf196a4758191e42f76670ceba', 1, 'Sun 10/20/2019'),
(574, 'Diaz', 'Marissa', 'MedID770', 'b59c67bf196a4758191e42f76670ceba', 1, 'Sun 10/20/2019'),
(575, 'Diaz', 'Damaris', 'MedID762', 'b59c67bf196a4758191e42f76670ceba', 1, 'Sun 10/20/2019'),
(576, 'Austin', 'Chelsea', 'MedID771', 'b59c67bf196a4758191e42f76670ceba', 1, 'Sun 10/20/2019'),
(577, 'McCurnin', 'Olivia', 'MedID754', 'b59c67bf196a4758191e42f76670ceba', 1, 'Sun 10/20/2019'),
(578, 'Malone', 'Maggie', 'MedID759', 'b59c67bf196a4758191e42f76670ceba', 1, 'Sun 10/20/2019'),
(579, 'Taylor', 'Tasha', 'MedID750', 'b59c67bf196a4758191e42f76670ceba', 1, 'Sun 10/20/2019'),
(580, 'Eschbach', 'Brooke', 'MedID758', 'b59c67bf196a4758191e42f76670ceba', 1, 'Sun 10/20/2019'),
(581, 'huss', 'talia', 'MedID763', 'b59c67bf196a4758191e42f76670ceba', 1, 'Sun 10/20/2019'),
(582, 'hernandez', 'kariann', 'MedID767', 'b59c67bf196a4758191e42f76670ceba', 1, 'Sun 10/20/2019'),
(583, 'Hartnett', 'Brittany', 'MedID856', 'b59c67bf196a4758191e42f76670ceba', 1, 'Sun 10/20/2019'),
(584, 'Juarez', 'Amelia', 'MedID800', 'b59c67bf196a4758191e42f76670ceba', 1, 'Sun 10/20/2019'),
(585, 'Monteza', 'Ana', 'MedID796', 'b59c67bf196a4758191e42f76670ceba', 1, 'Sun 10/20/2019'),
(586, 'Groff', 'Nancy', 'MedID804', 'b59c67bf196a4758191e42f76670ceba', 1, 'Sun 10/20/2019'),
(587, 'Quezada', 'Audriana', 'MedID746', 'b59c67bf196a4758191e42f76670ceba', 1, 'Mon 10/21/2019'),
(588, 'Klein', 'Elizabeth ', 'MedID751', 'b59c67bf196a4758191e42f76670ceba', 1, 'Mon 10/21/2019'),
(589, 'Gardener', 'Kianya', 'MedID755', 'b59c67bf196a4758191e42f76670ceba', 1, 'Mon 10/21/2019'),
(590, 'Reed', 'Brianna ', 'MedID94', 'b59c67bf196a4758191e42f76670ceba', 1, 'Mon 10/21/2019'),
(591, 'Benner', 'Tara', 'MedID29', 'b59c67bf196a4758191e42f76670ceba', 1, 'Mon 10/21/2019'),
(592, 'Moore', 'Sherry ', 'MedID857', 'b59c67bf196a4758191e42f76670ceba', 1, 'Mon 10/21/2019'),
(593, 'Martin', 'Nicole', 'MedID854', 'b59c67bf196a4758191e42f76670ceba', 1, 'Tue 10/22/2019'),
(594, 'Peters', 'Mackenzie', 'MedID858', 'b59c67bf196a4758191e42f76670ceba', 1, 'Tue 10/22/2019'),
(595, 'richardson', 'amanda', 'MedID846', 'b59c67bf196a4758191e42f76670ceba', 1, 'Tue 10/22/2019'),
(596, 'Shaffer', 'Justin', 'MedID838', 'b59c67bf196a4758191e42f76670ceba', 1, 'Tue 10/22/2019'),
(597, 'Arnold', 'Kelly', 'MedID842', 'b59c67bf196a4758191e42f76670ceba', 1, 'Tue 10/22/2019'),
(598, 'Kharel', 'Ram', 'MedID850', 'b59c67bf196a4758191e42f76670ceba', 1, 'Tue 10/22/2019'),
(599, 'Siko', 'Christine', 'MedID710', 'b59c67bf196a4758191e42f76670ceba', 1, 'Tue 10/22/2019'),
(600, 'Moyer', 'Sydney', 'MedID702', 'b59c67bf196a4758191e42f76670ceba', 1, 'Tue 10/22/2019'),
(601, 'Mowery', 'Erin ', 'MedID714', 'b59c67bf196a4758191e42f76670ceba', 1, 'Tue 10/22/2019'),
(602, 'Neild', 'Crystal', 'MedID706', 'b59c67bf196a4758191e42f76670ceba', 1, 'Tue 10/22/2019'),
(603, 'Rodriguez', 'Nitza', 'MedID722', 'b59c67bf196a4758191e42f76670ceba', 1, 'Tue 10/22/2019'),
(604, 'Holness', 'Adeline', 'MedID718', 'b59c67bf196a4758191e42f76670ceba', 1, 'Tue 10/22/2019'),
(605, 'Shaffer', 'Haidyn', 'MedID730', 'b59c67bf196a4758191e42f76670ceba', 1, 'Tue 10/22/2019'),
(606, 'Pompili', 'Taylor ', 'MedID726', 'b59c67bf196a4758191e42f76670ceba', 1, 'Tue 10/22/2019'),
(607, 'McNair', 'Amanda', 'MedID738', 'b59c67bf196a4758191e42f76670ceba', 1, 'Tue 10/22/2019'),
(608, 'Sponseller', 'Billie Jo', 'MedID960', 'b59c67bf196a4758191e42f76670ceba', 1, 'Tue 10/22/2019'),
(609, 'Keller', 'Madison', 'MedID941', 'b59c67bf196a4758191e42f76670ceba', 1, 'Tue 10/22/2019'),
(610, 'choi', 'jonathan', 'MedID747', 'b59c67bf196a4758191e42f76670ceba', 1, 'Tue 10/22/2019'),
(611, 'Del Biondo ', 'Ryleigh', 'MedID980', 'b59c67bf196a4758191e42f76670ceba', 1, 'Tue 10/22/2019'),
(612, 'haws', 'stephanie', 'MedID743', 'b59c67bf196a4758191e42f76670ceba', 1, 'Tue 10/22/2019'),
(613, 'Mock', 'Brynn', 'MedID992', 'b59c67bf196a4758191e42f76670ceba', 1, 'Tue 10/22/2019'),
(614, 'steinruck', 'kurt', 'MedID964', 'b59c67bf196a4758191e42f76670ceba', 1, 'Tue 10/22/2019'),
(615, 'Martin', 'Ellie', 'MedID734', 'b59c67bf196a4758191e42f76670ceba', 1, 'Tue 10/22/2019'),
(616, 'Mahajan', 'Alex', 'MedID952', 'b59c67bf196a4758191e42f76670ceba', 1, 'Tue 10/22/2019'),
(617, 'Bess', 'Melanie', 'MedID948', 'b59c67bf196a4758191e42f76670ceba', 1, 'Tue 10/22/2019'),
(618, 'Gerrick', 'Mackenzie', 'MedID735', 'b59c67bf196a4758191e42f76670ceba', 1, 'Tue 10/22/2019'),
(619, 'Castro', 'Emonie', 'MedID731', 'b59c67bf196a4758191e42f76670ceba', 1, 'Tue 10/22/2019'),
(620, 'Medina', 'Kayla', 'MedID944', 'b59c67bf196a4758191e42f76670ceba', 1, 'Tue 10/22/2019'),
(621, 'oberholtzer', 'miriam', 'MedID727', 'b59c67bf196a4758191e42f76670ceba', 1, 'Tue 10/22/2019'),
(622, 'Hahnlen', 'Kara', 'MedID719', 'b59c67bf196a4758191e42f76670ceba', 1, 'Tue 10/22/2019'),
(623, 'Clark', 'Rachel', 'MedID723', 'b59c67bf196a4758191e42f76670ceba', 1, 'Tue 10/22/2019'),
(624, 'Bennett', 'Sierra', 'MedID739', 'b59c67bf196a4758191e42f76670ceba', 1, 'Tue 10/22/2019'),
(625, 'Blauch', 'Hannah ', 'MedID972', 'b59c67bf196a4758191e42f76670ceba', 1, 'Tue 10/22/2019'),
(626, 'Blasick', 'Kristy', 'MedID984', 'b59c67bf196a4758191e42f76670ceba', 1, 'Tue 10/22/2019'),
(627, 'Harris', 'Angela', 'MedID834', 'b59c67bf196a4758191e42f76670ceba', 1, 'Tue 10/22/2019'),
(628, 'Miller', 'Taryn', 'MedID830', 'b59c67bf196a4758191e42f76670ceba', 1, 'Tue 10/22/2019'),
(629, 'Wells', 'Brianna', 'MedID956', 'b59c67bf196a4758191e42f76670ceba', 1, 'Tue 10/22/2019'),
(630, 'Ditzler', 'Madison ', 'MedID988', 'b59c67bf196a4758191e42f76670ceba', 1, 'Tue 10/22/2019'),
(631, 'Amato', 'Rossella', 'MedID968', 'b59c67bf196a4758191e42f76670ceba', 1, 'Tue 10/22/2019'),
(632, 'Gregory', 'Alex', 'MedID976', 'b59c67bf196a4758191e42f76670ceba', 1, 'Tue 10/22/2019'),
(633, 'Simmons', 'Latashia', 'MedID465', 'b59c67bf196a4758191e42f76670ceba', 1, 'Tue 10/22/2019'),
(634, 'Mpunga', 'Masengu ', 'MedID822', 'b59c67bf196a4758191e42f76670ceba', 1, 'Tue 10/22/2019'),
(635, 'truax', 'tara', 'MedID826', 'b59c67bf196a4758191e42f76670ceba', 1, 'Tue 10/22/2019'),
(636, 'Shaubach', 'Claudia', 'MedID818', 'b59c67bf196a4758191e42f76670ceba', 1, 'Tue 10/22/2019'),
(637, 'sparks', 'sarah', 'MedID814', 'b59c67bf196a4758191e42f76670ceba', 1, 'Tue 10/22/2019'),
(638, 'Stewart', 'Joel', 'MedID806', 'b59c67bf196a4758191e42f76670ceba', 1, 'Tue 10/22/2019'),
(639, 'Tressler', 'Ron', 'MedID810', 'b59c67bf196a4758191e42f76670ceba', 1, 'Tue 10/22/2019'),
(640, 'Martin', 'Mary Ann', 'MedID798', 'b59c67bf196a4758191e42f76670ceba', 1, 'Tue 10/22/2019'),
(641, 'Biever', 'Madeline', 'MedID802', 'b59c67bf196a4758191e42f76670ceba', 1, 'Tue 10/22/2019'),
(642, 'Maldonado', 'Tabatha', 'MedID794', 'b59c67bf196a4758191e42f76670ceba', 1, 'Tue 10/22/2019'),
(643, 'a', 'Geneva Rochester', 'MedID790', 'b59c67bf196a4758191e42f76670ceba', 1, 'Tue 10/22/2019'),
(644, 'Stewart', 'Joel', 'MedID806', 'b59c67bf196a4758191e42f76670ceba', 1, 'Tue 10/22/2019'),
(645, 'Kready', 'Kiersten', 'MedID783', 'b59c67bf196a4758191e42f76670ceba', 1, 'Tue 10/22/2019'),
(646, 'Jennings', 'Alyson', 'MedID787', 'b59c67bf196a4758191e42f76670ceba', 1, 'Tue 10/22/2019'),
(647, 'Dzino', 'Ajla', 'MedID782', 'b59c67bf196a4758191e42f76670ceba', 1, 'Tue 10/22/2019'),
(648, 'Hershey', 'Kelsea', 'MedID786', 'b59c67bf196a4758191e42f76670ceba', 1, 'Tue 10/22/2019'),
(649, 'Stahlman', 'Danielle', 'MedID791', 'b59c67bf196a4758191e42f76670ceba', 1, 'Tue 10/22/2019'),
(651, 'Chachapoya', 'Joel', 'MedID1005', 'b59c67bf196a4758191e42f76670ceba', 1, 'Tue 10/22/2019'),
(652, 'Dean', 'Sierra', 'MedID993', 'b59c67bf196a4758191e42f76670ceba', 1, 'Tue 10/22/2019'),
(653, 'DeRosa', 'Serena', 'MedID981', 'b59c67bf196a4758191e42f76670ceba', 1, 'Tue 10/22/2019'),
(654, 'Erney', 'Morghyn', 'MedID985', 'b59c67bf196a4758191e42f76670ceba', 1, 'Tue 10/22/2019'),
(655, 'Colbert', 'Helga', 'MedID989', 'b59c67bf196a4758191e42f76670ceba', 1, 'Tue 10/22/2019'),
(656, 'Cerankowski', 'Alayna', 'MedID997', 'b59c67bf196a4758191e42f76670ceba', 1, 'Tue 10/22/2019'),
(657, 'McMenamin', 'Brianna', 'MedID973', 'b59c67bf196a4758191e42f76670ceba', 1, 'Tue 10/22/2019'),
(658, 'long', 'jason', 'MedID965', 'b59c67bf196a4758191e42f76670ceba', 1, 'Tue 10/22/2019'),
(659, 'Harris', 'Naeemah', 'MedID1013', 'b59c67bf196a4758191e42f76670ceba', 1, 'Tue 10/22/2019'),
(660, 'walborn', 'lindsey', 'MedID949', 'b59c67bf196a4758191e42f76670ceba', 1, 'Tue 10/22/2019'),
(661, 'Kim', 'Abi', 'MedID969', 'b59c67bf196a4758191e42f76670ceba', 1, 'Tue 10/22/2019'),
(662, 'dew', 'honey', 'MedID957', 'b59c67bf196a4758191e42f76670ceba', 1, 'Tue 10/22/2019'),
(663, 'Durle', 'Bernadette', 'MedID977', 'b59c67bf196a4758191e42f76670ceba', 1, 'Tue 10/22/2019'),
(664, 'Flosser', 'Hannah', 'MedID961', 'b59c67bf196a4758191e42f76670ceba', 1, 'Tue 10/22/2019'),
(665, 'Barker', 'Howard', 'MedID1001', 'b59c67bf196a4758191e42f76670ceba', 1, 'Tue 10/22/2019'),
(666, 'Stuart', 'Kristina', 'MedID953', 'b59c67bf196a4758191e42f76670ceba', 1, 'Tue 10/22/2019'),
(667, 'Garrett', 'stephanie', 'MedID1017', 'b59c67bf196a4758191e42f76670ceba', 1, 'Tue 10/22/2019'),
(668, 'gilchrist', 'elise', 'MedID1008', 'b59c67bf196a4758191e42f76670ceba', 1, 'Tue 10/22/2019'),
(669, 'Walborn', 'Kelsie', 'MedID1016', 'b59c67bf196a4758191e42f76670ceba', 1, 'Tue 10/22/2019'),
(670, 'ritter', 'corinne', 'MedID1000', 'b59c67bf196a4758191e42f76670ceba', 1, 'Tue 10/22/2019'),
(671, 'Munns', 'Alyssa', 'MedID1004', 'b59c67bf196a4758191e42f76670ceba', 1, 'Tue 10/22/2019'),
(672, 'Sinyagin', 'Sophia', 'MedID945', 'b59c67bf196a4758191e42f76670ceba', 1, 'Tue 10/22/2019'),
(673, 'Montgomery', 'Rebecca', 'MedID996', 'b59c67bf196a4758191e42f76670ceba', 1, 'Tue 10/22/2019'),
(674, 'nast', 'kayla', 'MedID1009', 'b59c67bf196a4758191e42f76670ceba', 1, 'Tue 10/22/2019'),
(675, 'Leakway', 'Madison', 'MedID715', 'b59c67bf196a4758191e42f76670ceba', 1, 'Wed 10/23/2019'),
(676, 'Huynh', 'Lynda', 'MedID703', 'b59c67bf196a4758191e42f76670ceba', 1, 'Wed 10/23/2019'),
(677, 'Dieter', 'Desiree', 'MedID958', 'b59c67bf196a4758191e42f76670ceba', 1, 'Wed 10/23/2019'),
(678, 'Rhoades', 'Alexia', 'MedID711', 'b59c67bf196a4758191e42f76670ceba', 1, 'Wed 10/23/2019'),
(679, 'Cruz', 'Alijah', 'MedID707', 'b59c67bf196a4758191e42f76670ceba', 1, 'Wed 10/23/2019'),
(680, 'Heinaman', 'Natalyn', 'MedID970', 'b59c67bf196a4758191e42f76670ceba', 1, 'Wed 10/23/2019'),
(681, 'Nguyen', 'Jennifer', 'MedID966', 'b59c67bf196a4758191e42f76670ceba', 1, 'Wed 10/23/2019'),
(682, 'VanVleet', 'Jennifer', 'MedID962', 'b59c67bf196a4758191e42f76670ceba', 1, 'Wed 10/23/2019'),
(683, 'Zaborskiy', 'Elsie', 'MedID974', 'b59c67bf196a4758191e42f76670ceba', 1, 'Wed 10/23/2019'),
(684, 'Nieves', 'Amanda', 'MedID978', 'b59c67bf196a4758191e42f76670ceba', 1, 'Wed 10/23/2019'),
(685, 'colletti', 'christopher', 'MedID982', 'b59c67bf196a4758191e42f76670ceba', 1, 'Wed 10/23/2019'),
(686, 'Zimmerman', 'Maggie', 'MedID986', 'b59c67bf196a4758191e42f76670ceba', 1, 'Wed 10/23/2019'),
(687, 'Hollis', 'Alison', 'MedID990', 'b59c67bf196a4758191e42f76670ceba', 1, 'Wed 10/23/2019'),
(688, 'Crespo', 'William', 'MedID994', 'b59c67bf196a4758191e42f76670ceba', 1, 'Wed 10/23/2019'),
(689, 'Damino', 'Nicole', 'MedID1010', 'b59c67bf196a4758191e42f76670ceba', 1, 'Wed 10/23/2019'),
(690, 'Figueroa', 'Channah', 'MedID803', 'b59c67bf196a4758191e42f76670ceba', 1, 'Wed 10/23/2019'),
(691, 'Bermudez-Garcia', 'Gabriel', 'MedID799', 'b59c67bf196a4758191e42f76670ceba', 1, 'Wed 10/23/2019'),
(692, 'Carson', 'Christina', 'MedID807', 'b59c67bf196a4758191e42f76670ceba', 1, 'Wed 10/23/2019'),
(693, 'Navedo', 'Emely', 'MedID811', 'b59c67bf196a4758191e42f76670ceba', 1, 'Wed 10/23/2019'),
(694, 'Amway', 'Haley', 'MedID815', 'b59c67bf196a4758191e42f76670ceba', 1, 'Wed 10/23/2019'),
(695, 'Wright', 'Sierra', 'MedID835', 'b59c67bf196a4758191e42f76670ceba', 1, 'Wed 10/23/2019'),
(696, 'McGonigal', 'Kacie ', 'MedID839', 'b59c67bf196a4758191e42f76670ceba', 1, 'Wed 10/23/2019'),
(697, 'Ahner', 'Alexandria', 'MedID843', 'b59c67bf196a4758191e42f76670ceba', 1, 'Wed 10/23/2019'),
(698, 'Hixenbaugh', 'Katherine', 'MedID847', 'b59c67bf196a4758191e42f76670ceba', 1, 'Wed 10/23/2019'),
(699, 'Stauffer', 'Abigail', 'MedID851', 'b59c67bf196a4758191e42f76670ceba', 1, 'Wed 10/23/2019'),
(700, 'Banks', 'Bria', 'MedID855', 'b59c67bf196a4758191e42f76670ceba', 1, 'Wed 10/23/2019'),
(701, 'Mullen', 'Bria', 'MedID859', 'b59c67bf196a4758191e42f76670ceba', 1, 'Wed 10/23/2019'),
(702, 'Mullen', 'Amanda', 'MedID819', 'b59c67bf196a4758191e42f76670ceba', 1, 'Wed 10/23/2019'),
(703, 'Shaffer', 'Abigail', 'MedID184', 'b59c67bf196a4758191e42f76670ceba', 1, 'Wed 10/23/2019'),
(704, 'Smith', 'Ally', 'MedID180', 'b59c67bf196a4758191e42f76670ceba', 1, 'Wed 10/23/2019'),
(705, 'hull', 'ashley', 'MedID208', 'b59c67bf196a4758191e42f76670ceba', 1, 'Wed 10/23/2019'),
(706, 'Shockley', 'Karizma', 'MedID212', 'b59c67bf196a4758191e42f76670ceba', 1, 'Wed 10/23/2019'),
(707, 'Babich', 'Amy', 'MedID176', 'b59c67bf196a4758191e42f76670ceba', 1, 'Wed 10/23/2019'),
(708, 'Blake', 'Jessica', 'MedID172', 'b59c67bf196a4758191e42f76670ceba', 1, 'Wed 10/23/2019'),
(709, 'Shaffer', 'Abigail', 'MedID184', 'b59c67bf196a4758191e42f76670ceba', 1, 'Wed 10/23/2019'),
(710, 'Sadler', 'Mark', 'MedID823', 'b59c67bf196a4758191e42f76670ceba', 1, 'Wed 10/23/2019'),
(711, 'Mullinix', 'Amanda', 'MedID831', 'b59c67bf196a4758191e42f76670ceba', 1, 'Wed 10/23/2019'),
(712, 'casimiro-gomez', 'nicole', 'MedID827', 'b59c67bf196a4758191e42f76670ceba', 1, 'Wed 10/23/2019'),
(713, 'Knighton', 'Rachel', 'MedID1011', 'b59c67bf196a4758191e42f76670ceba', 1, 'Wed 10/23/2019'),
(714, 'Mellberg', 'Abigail', 'MedID168', 'b59c67bf196a4758191e42f76670ceba', 1, 'Wed 10/23/2019'),
(715, 'Osman', 'Rachel', 'MedID1015', 'b59c67bf196a4758191e42f76670ceba', 1, 'Wed 10/23/2019'),
(716, 'clauss', 'ellie', 'MedID1003', 'b59c67bf196a4758191e42f76670ceba', 1, 'Wed 10/23/2019'),
(717, 'Williams', 'Kirsten', 'MedID1007', 'b59c67bf196a4758191e42f76670ceba', 1, 'Wed 10/23/2019'),
(718, 'Stephan', 'Kelsi', 'MedID959', 'b59c67bf196a4758191e42f76670ceba', 1, 'Wed 10/23/2019'),
(719, 'king', 'amy', 'MedID1019', 'b59c67bf196a4758191e42f76670ceba', 1, 'Wed 10/23/2019'),
(720, 'High', 'Allison', 'MedID995', 'b59c67bf196a4758191e42f76670ceba', 1, 'Wed 10/23/2019'),
(721, 'Prowell', 'Drew', 'MedID999', 'b59c67bf196a4758191e42f76670ceba', 1, 'Wed 10/23/2019'),
(722, 'gustafson', 'jessica', 'MedID991', 'b59c67bf196a4758191e42f76670ceba', 1, 'Wed 10/23/2019'),
(723, 'Hilsmeier', 'Kristen', 'MedID987', 'b59c67bf196a4758191e42f76670ceba', 1, 'Wed 10/23/2019'),
(724, 'Fisher', 'Claire', 'MedID983', 'b59c67bf196a4758191e42f76670ceba', 1, 'Wed 10/23/2019'),
(725, 'Montalvo', 'Nathaniel', 'MedID979', 'b59c67bf196a4758191e42f76670ceba', 1, 'Wed 10/23/2019'),
(726, 'Plaza', 'Emalee', 'MedID971', 'b59c67bf196a4758191e42f76670ceba', 1, 'Wed 10/23/2019'),
(727, 'Bua', 'Madeleine', 'MedID967', 'b59c67bf196a4758191e42f76670ceba', 1, 'Wed 10/23/2019'),
(728, 'conner', 'emma', 'MedID963', 'b59c67bf196a4758191e42f76670ceba', 1, 'Wed 10/23/2019'),
(729, 'Shayo', 'Shannon', 'MedID1014', 'b59c67bf196a4758191e42f76670ceba', 1, 'Wed 10/23/2019'),
(730, 'Snyder', 'Brianna', 'MedID1018', 'b59c67bf196a4758191e42f76670ceba', 1, 'Wed 10/23/2019'),
(731, 'Dasilva', 'Denceford', 'MedID1006', 'b59c67bf196a4758191e42f76670ceba', 1, 'Wed 10/23/2019'),
(732, 'Rodriguez', 'Debra', 'MedID1031', 'b59c67bf196a4758191e42f76670ceba', 1, 'Thu 10/24/2019'),
(733, 'Schumacher', 'Rebecca', 'MedID1039', 'b59c67bf196a4758191e42f76670ceba', 1, 'Thu 10/24/2019'),
(734, 'Munion', 'Stephanie', 'MedID1035', 'b59c67bf196a4758191e42f76670ceba', 1, 'Thu 10/24/2019'),
(735, 'Deatrick', 'Tara', 'MedID1043', 'b59c67bf196a4758191e42f76670ceba', 1, 'Thu 10/24/2019'),
(736, 'Sheaffer', 'Leah', 'MedID1051', 'b59c67bf196a4758191e42f76670ceba', 1, 'Thu 10/24/2019'),
(737, 'radabaugh', 'jessica', 'MedID639', 'b59c67bf196a4758191e42f76670ceba', 1, 'Thu 10/24/2019'),
(739, 'Wilkins', 'Courtney', 'MedID1079', 'b59c67bf196a4758191e42f76670ceba', 1, 'Tue 10/29/2019'),
(740, 'Feeney', 'Faith', 'MedID1071', 'b59c67bf196a4758191e42f76670ceba', 1, 'Tue 10/29/2019'),
(741, 'Miller', 'Taryn', 'MedID1087', 'b59c67bf196a4758191e42f76670ceba', 1, 'Tue 10/29/2019'),
(742, 'Stankovic', 'Kelly Stankovic', 'MedID1075', 'b59c67bf196a4758191e42f76670ceba', 1, 'Tue 10/29/2019'),
(743, 'Cunningham', 'Kelsey', 'MedID1023', 'b59c67bf196a4758191e42f76670ceba', 1, 'Wed 10/30/2019'),
(744, 'Ritchie', 'Cassidy', 'MedID1020', 'b59c67bf196a4758191e42f76670ceba', 1, 'Wed 10/30/2019'),
(745, 'chozas', 'amber', 'MedID1095', 'b59c67bf196a4758191e42f76670ceba', 1, 'Thu 10/31/2019'),
(746, 'conway', 'felicia', 'MedID1091', 'b59c67bf196a4758191e42f76670ceba', 1, 'Thu 10/31/2019'),
(747, 'Austin', 'Jennifer', 'MedID1096', 'b59c67bf196a4758191e42f76670ceba', 1, 'Thu 10/31/2019'),
(749, 'Coakley', 'Allyson', 'MedID1088', 'b59c67bf196a4758191e42f76670ceba', 1, 'Tue 11/05/2019'),
(750, 'Hershey', 'Julia', 'MedID426', 'b59c67bf196a4758191e42f76670ceba', 1, 'Tue 11/05/2019'),
(751, 'Sheaffer', 'Kasie', 'MedID1089', 'b59c67bf196a4758191e42f76670ceba', 1, 'Wed 11/06/2019'),
(752, 'beck', 'jackie', 'MedID1093', 'b59c67bf196a4758191e42f76670ceba', 1, 'Wed 11/06/2019'),
(753, 'swarr', 'hannah', 'MedID1084', 'b59c67bf196a4758191e42f76670ceba', 1, 'Thu 11/07/2019'),
(754, 'Gray', 'gray', 'MedID565', 'b59c67bf196a4758191e42f76670ceba', 1, 'Thu 11/07/2019'),
(755, 'Lehman', 'Katherine', 'MedID1040', 'b59c67bf196a4758191e42f76670ceba', 1, 'Thu 11/07/2019'),
(756, 'Good', 'Ashley', 'MedID1044', 'b59c67bf196a4758191e42f76670ceba', 1, 'Thu 11/07/2019'),
(757, 'Gbur', 'Olivia', 'MedID1028', 'b59c67bf196a4758191e42f76670ceba', 1, 'Thu 11/07/2019'),
(758, 'Davis', 'Alyssa', 'MedID1036', 'b59c67bf196a4758191e42f76670ceba', 1, 'Thu 11/07/2019'),
(759, 'Stauffer', 'Alison', 'MedID1032', 'b59c67bf196a4758191e42f76670ceba', 1, 'Thu 11/07/2019'),
(760, 'acie', 'nargis', 'MedID1045', 'b59c67bf196a4758191e42f76670ceba', 1, 'Fri 11/08/2019'),
(761, 'Douglas', 'Tamra', 'MedID1080', 'b59c67bf196a4758191e42f76670ceba', 1, 'Fri 11/08/2019'),
(762, 'kowalski', 'alexis', 'MedID1076', 'b59c67bf196a4758191e42f76670ceba', 1, 'Fri 11/08/2019'),
(763, 'Buck', 'Sara', 'MedID1064', 'b59c67bf196a4758191e42f76670ceba', 1, 'Fri 11/08/2019'),
(764, 'Benner', 'Melody', 'MedID1060', 'b59c67bf196a4758191e42f76670ceba', 1, 'Fri 11/08/2019'),
(765, 'Bhatti', 'Joy', 'MedID1098', 'b59c67bf196a4758191e42f76670ceba', 1, 'Fri 11/08/2019'),
(766, 'Wintermyer', 'Destiny', 'MedID1025', 'b59c67bf196a4758191e42f76670ceba', 1, 'Fri 11/08/2019'),
(767, 'house', 'greg', 'MedID1048', 'b59c67bf196a4758191e42f76670ceba', 1, 'Sat 11/09/2019'),
(768, 'nightingale', 'florence', 'MedID1052', 'b59c67bf196a4758191e42f76670ceba', 1, 'Sat 11/09/2019'),
(769, 'peyton', 'jackie', 'MedID1056', 'b59c67bf196a4758191e42f76670ceba', 1, 'Sat 11/09/2019'),
(770, 'Ponelli', 'Shianne', 'MedID1029', 'b59c67bf196a4758191e42f76670ceba', 1, 'Mon 11/11/2019'),
(771, 'Iosue', 'Molly', 'MedID1094', 'b59c67bf196a4758191e42f76670ceba', 1, 'Mon 11/11/2019'),
(772, 'Leger', 'Esther', 'MedID1090', 'b59c67bf196a4758191e42f76670ceba', 1, 'Mon 11/11/2019'),
(773, 'Perez', 'Debora', 'MedID1086', 'b59c67bf196a4758191e42f76670ceba', 1, 'Mon 11/11/2019'),
(774, 'kauffman', 'jeffrey', 'MedID1081', 'b59c67bf196a4758191e42f76670ceba', 1, 'Tue 11/12/2019'),
(775, 'Miller', 'Tonya', 'MedID1085', 'b59c67bf196a4758191e42f76670ceba', 1, 'Tue 11/12/2019'),
(776, 'Weaver', 'Rebekah', 'MedID1077', 'b59c67bf196a4758191e42f76670ceba', 1, 'Tue 11/12/2019'),
(777, 'Morrison', 'Tiara', 'MedID1033', 'b59c67bf196a4758191e42f76670ceba', 1, 'Thu 11/14/2019'),
(778, 'garcia', 'ashley', 'MedID1073', 'b59c67bf196a4758191e42f76670ceba', 1, 'Thu 11/14/2019'),
(779, 'Chahilu', 'Nancy', 'MedID1047', 'b59c67bf196a4758191e42f76670ceba', 1, 'Thu 11/14/2019'),
(780, 'Nguyen', 'Kerry', 'MedID1065', 'b59c67bf196a4758191e42f76670ceba', 1, 'Thu 11/14/2019'),
(781, 'Loomis', 'Tara', 'MedID1041', 'b59c67bf196a4758191e42f76670ceba', 1, 'Thu 11/14/2019'),
(782, 'Maddie', 'Maddie', 'MedID1082', 'b59c67bf196a4758191e42f76670ceba', 1, 'Thu 11/14/2019'),
(783, 'Moore', 'Sarah', 'MedID1072', 'b59c67bf196a4758191e42f76670ceba', 1, 'Thu 11/14/2019'),
(784, 'Kanuha', 'Alexis', 'MedID1068', 'b59c67bf196a4758191e42f76670ceba', 1, 'Thu 11/14/2019'),
(785, 'Lynas', 'DANDIE', 'MedID1037', 'b59c67bf196a4758191e42f76670ceba', 1, 'Thu 11/14/2019'),
(786, 'Fritsch', 'Brianna', 'MedID1022', 'b59c67bf196a4758191e42f76670ceba', 1, 'Thu 11/14/2019'),
(787, 'weaver', 'alyssa', 'MedID1078', 'b59c67bf196a4758191e42f76670ceba', 1, 'Fri 11/15/2019'),
(788, 'Arroyo', 'Jennifer', 'MedID1074', 'b59c67bf196a4758191e42f76670ceba', 1, 'Fri 11/15/2019'),
(789, 'Kuzmitsky', 'Tammy', 'MedID1070', 'b59c67bf196a4758191e42f76670ceba', 1, 'Fri 11/15/2019'),
(790, 'Specht', 'Emily ', 'MedID86', 'b59c67bf196a4758191e42f76670ceba', 1, 'Mon 11/18/2019'),
(791, 'Barr', 'Crystal', 'MedID444', 'b59c67bf196a4758191e42f76670ceba', 1, 'Mon 11/18/2019'),
(792, 'hamme', 'sara', 'MedID1026', 'b59c67bf196a4758191e42f76670ceba', 1, 'Mon 11/18/2019'),
(793, 'fink', 'jodi', 'MedID1030', 'b59c67bf196a4758191e42f76670ceba', 1, 'Mon 11/18/2019'),
(794, 'Sheridan', 'Madeline', 'MedID1034', 'b59c67bf196a4758191e42f76670ceba', 1, 'Mon 11/18/2019'),
(795, 'Valle-Arcilla', 'Heather', 'MedID1042', 'b59c67bf196a4758191e42f76670ceba', 1, 'Mon 11/18/2019'),
(796, 'Parrish', 'Amanda', 'MedID1046', 'b59c67bf196a4758191e42f76670ceba', 1, 'Mon 11/18/2019'),
(797, 'Hunt', 'Kelly', 'MedID1050', 'b59c67bf196a4758191e42f76670ceba', 1, 'Mon 11/18/2019'),
(798, 'Paulson', 'Faith', 'MedID1054', 'b59c67bf196a4758191e42f76670ceba', 1, 'Mon 11/18/2019'),
(799, 'Specht', 'Emily ', 'MedID1038', 'b59c67bf196a4758191e42f76670ceba', 1, 'Mon 11/18/2019'),
(800, 'HUNT', 'KELLY', 'mEDid1050', 'b59c67bf196a4758191e42f76670ceba', 1, 'Mon 11/18/2019'),
(801, 'BARR', 'CRYSTAL', 'mEDid444', 'b59c67bf196a4758191e42f76670ceba', 1, 'Mon 11/18/2019'),
(802, 'Hess', 'Alex', ' MedID1058', 'b59c67bf196a4758191e42f76670ceba', 1, 'Tue 11/19/2019'),
(803, 'Hess', 'Alex', 'MedID1058', 'b59c67bf196a4758191e42f76670ceba', 1, 'Tue 11/19/2019'),
(804, 'Perry-Copeland', 'Carlique', 'MedID1178', 'b59c67bf196a4758191e42f76670ceba', 1, 'Thu 11/21/2019'),
(805, 'Vargas', 'Jazmine', 'MedID1174', 'b59c67bf196a4758191e42f76670ceba', 1, 'Thu 11/21/2019'),
(806, 'Jackson', 'Alexis', 'MedID1166', 'b59c67bf196a4758191e42f76670ceba', 1, 'Thu 11/21/2019'),
(807, 'Wardell', 'Tori', 'MedID1162', 'b59c67bf196a4758191e42f76670ceba', 1, 'Thu 11/21/2019'),
(808, 'Sanchez', 'Kloe', 'MedID1099', 'b59c67bf196a4758191e42f76670ceba', 1, 'Thu 11/21/2019'),
(809, 'Jones', 'Taylor', 'MedID1158', 'b59c67bf196a4758191e42f76670ceba', 1, 'Thu 11/21/2019'),
(810, 'Glass', 'Nikita', 'MedID1103', 'b59c67bf196a4758191e42f76670ceba', 1, 'Thu 11/21/2019'),
(811, 'Glass', 'Elizabeth', 'MedID1066', 'b59c67bf196a4758191e42f76670ceba', 1, 'Thu 11/21/2019'),
(812, 'Mowrer', 'Elizabeth', 'MedID1150', 'b59c67bf196a4758191e42f76670ceba', 1, 'Thu 11/21/2019'),
(813, 'Jones', 'Madeline', 'MedID1154', 'b59c67bf196a4758191e42f76670ceba', 1, 'Thu 11/21/2019'),
(814, 'Harmer', 'Jaclyn', 'MedID1138', 'b59c67bf196a4758191e42f76670ceba', 1, 'Fri 11/22/2019'),
(815, 'Downs', 'Julia', 'MedID1107', 'b59c67bf196a4758191e42f76670ceba', 1, 'Fri 11/22/2019'),
(816, 'Garcia', 'Nair', 'MedID1130', 'b59c67bf196a4758191e42f76670ceba', 1, 'Fri 11/22/2019'),
(817, 'Armold', 'Bailee', 'MedID1146', 'b59c67bf196a4758191e42f76670ceba', 1, 'Fri 11/22/2019'),
(818, 'Bailey', 'Mikayla', 'MedID1126', 'b59c67bf196a4758191e42f76670ceba', 1, 'Mon 12/02/2019'),
(819, 'Smith', 'Joanna', 'MedID1122', 'b59c67bf196a4758191e42f76670ceba', 1, 'Mon 12/02/2019'),
(820, 'Ryan', 'Amy', 'MedID1118', 'b59c67bf196a4758191e42f76670ceba', 1, 'Mon 12/02/2019'),
(821, 'anderson', 'marissa ', 'MedID1114', 'b59c67bf196a4758191e42f76670ceba', 1, 'Mon 12/02/2019'),
(822, 'Miller', 'Trisha', 'MedID1106', 'b59c67bf196a4758191e42f76670ceba', 1, 'Mon 12/02/2019'),
(823, 'Mealy', 'Kathryn', 'MedID1110', 'b59c67bf196a4758191e42f76670ceba', 1, 'Mon 12/02/2019'),
(824, 'Maldonado', 'Catherine', 'MedID1177', 'b59c67bf196a4758191e42f76670ceba', 1, 'Wed 12/04/2019'),
(826, 'warner', 'chloe', 'MedID1119', 'b59c67bf196a4758191e42f76670ceba', 1, 'Thu 12/05/2019'),
(827, 'Elia', 'Sara', 'MedID1135', 'b59c67bf196a4758191e42f76670ceba', 1, 'Thu 12/05/2019'),
(828, 'Sacoman', 'Bailey', 'MedID1127', 'b59c67bf196a4758191e42f76670ceba', 1, 'Thu 12/05/2019'),
(829, 'Dai', 'Colleen', 'MedID1123', 'b59c67bf196a4758191e42f76670ceba', 1, 'Thu 12/05/2019'),
(830, 'Frey', 'Paige', 'MedID1115', 'b59c67bf196a4758191e42f76670ceba', 1, 'Thu 12/05/2019'),
(831, 'Sweitzer', 'Skylar', 'MedID1111', 'b59c67bf196a4758191e42f76670ceba', 1, 'Thu 12/05/2019'),
(832, 'Gregory', 'Erika', 'MedID1143', 'b59c67bf196a4758191e42f76670ceba', 1, 'Fri 12/06/2019'),
(833, 'Thomson', 'Morgan', 'MedID1155', 'b59c67bf196a4758191e42f76670ceba', 1, 'Fri 12/06/2019'),
(834, 'Smith', 'Brianna', 'MedID1159', 'b59c67bf196a4758191e42f76670ceba', 1, 'Fri 12/06/2019'),
(840, 'Administrator', 'Simulation', 'simadmin', '385d3c21bf6a89a10c9edca9a25b4cfb', 3, '2022'),
(854, 'Faculty', 'Faculty', '55555', 'b59c67bf196a4758191e42f76670ceba', 2, '2022'),
(856, 'Nicholai', 'Best', 'MedId1788', 'e58cc5ca94270acaceed13bc82dfedf7', 3, '2022'),
(857, 'Mark', 'Harter', 'MedId1780', '81dc9bdb52d04dc20036dbd8313ed055', 3, '2022'),
(863, 'vcxz', 'vcxz', 'vcxz', 'b013229eb101f4712b2b5f4242b721eb', 1, '2022'),
(864, 'zxcv', 'zxcv', 'zxcv', 'fd2cc6c54239c40495a0d3a93b6380eb', 1, '2022'),
(866, 's', 's', 's', '03c7c0ace395d80182db07ae2c30f034', 1, '2022'),
(867, 'w', 'w', 'w', 'f1290186a5d0b1ceab27f4e77c0c5d68', 1, '2022'),
(868, 'q', 'q', 'q', '7694f4a66316e53c8cdd9d9954bd611d', 1, '2022'),
(871, 'Abby', 'Peffley', 'MedId2040', 'e515df0d202ae52fcebb14295743063b', 1, '2022'),
(872, 'jacquelyn', 'lafferty', 'MedId2056', 'd41d8cd98f00b204e9800998ecf8427e', 1, '2022'),
(875, 'Nicholai', 'Best', 'MedId2072', '81dc9bdb52d04dc20036dbd8313ed055', 1, '2022'),
(876, 'dinae', 'sumpter', 'MedId2048', '019b111ec0c13ed923922715bfb1670a', 1, '2022'),
(877, 'Jessica', 'Rosario', 'MedId2024', '9563d542654b05fc1295a9ddb553ca97', 1, '2022'),
(878, 'Alisha', 'Wingert', 'MedId2036', '297fa7777981f402dbba17e9f29e292d', 1, '2022'),
(879, 'Jen', 'Karmann', ' MedId2060', '202cb962ac59075b964b07152d234b70', 1, '2022'),
(880, 'Jen', 'Karmann', 'MedId2060', '202cb962ac59075b964b07152d234b70', 1, '2022'),
(881, 'Breanna', 'Owens', 'MedId2052', 'b66dc44cd9882859d84670604ae276e6', 1, '2022'),
(882, 'Barbatra', 'EatonC0NF1RM', 'MedID1306', 'd41d8cd98f00b204e9800998ecf8427e', 1, '2022'),
(885, 'Theresa', 'Louie', 'MedID1371', 'd41d8cd98f00b204e9800998ecf8427e', 1, '2022'),
(886, 'Alieta', 'Payne', 'MedID1343', '0ebcc77dc72360d0eb8e9504c78d38bd', 1, '2022'),
(887, 'Jana', 'Walker', 'MedId2021', 'a00e5eb0973d24649a4a920fc53d9564', 1, '2022'),
(888, 'Cortni', 'Sweigart', 'MedId2025', 'a01610228fe998f515a72dd730294d87', 1, '2022'),
(889, 'erica', '64646428', 'MedID1282', 'd41d8cd98f00b204e9800998ecf8427e', 1, '2022'),
(891, 'Katrina', 'Fortuna', 'MedId1573', 'fdfb747f3811c255ad0e32fce91d72df', 1, '2022'),
(892, 'Dana', 'Getz', 'MedId2033', '3cbf798ffd93445345754e258dfbe50c', 1, '2022'),
(894, 'Giselle', 'Estrada Gallegos', 'MedId2041', 'c5b2cebf15b205503560c4e8e6d1ea78', 1, '2022'),
(895, 'roli', 'eyesan', 'MedId2029', 'b59c67bf196a4758191e42f76670ceba', 1, '2022'),
(896, 'BlueBadge', 'RN', 'MedId1712', 'd41d8cd98f00b204e9800998ecf8427e', 1, '2022'),
(897, 'RedBadge', 'MD', 'MedId2045', 'd41d8cd98f00b204e9800998ecf8427e', 1, '2022'),
(898, 'BlueBadge', 'RN', 'MedId1587', 'd41d8cd98f00b204e9800998ecf8427e', 1, '2022'),
(899, 'BlueBadgeEd', 'RN', 'MedId1595', 'd41d8cd98f00b204e9800998ecf8427e', 1, '2022'),
(900, 'GreenCRNA', 'CRNA', 'MedId2049', 'd41d8cd98f00b204e9800998ecf8427e', 1, '2022'),
(901, 'PurpleCNA', 'CNA', 'MedId1591', 'd41d8cd98f00b204e9800998ecf8427e', 1, '2022'),
(902, 'WhiteRN', 'RN', 'MedId2053', 'd41d8cd98f00b204e9800998ecf8427e', 1, '2022'),
(903, 'helen', 'onyeulo', '15693563', 'd41d8cd98f00b204e9800998ecf8427e', 1, '2022'),
(904, 'Allison', 'Pike', 'MedID1390', '794b7ff3de411a7bb686761ca410038c', 1, '2022'),
(905, 'Cassidy ', 'Ritchie', 'MedId2065', 'd41d8cd98f00b204e9800998ecf8427e', 1, '2022'),
(906, 'sejal', 'patel', 'MedId2057', 'd41d8cd98f00b204e9800998ecf8427e', 1, '2022'),
(909, 'Jayla', 'Doan', 'MedId2010', 'd41d8cd98f00b204e9800998ecf8427e', 1, '2022'),
(911, 'Naishka', 'Duvert', 'MedId2014', 'd41d8cd98f00b204e9800998ecf8427e', 1, '2022'),
(913, 'naomy', 'herring', '3141592653589', 'd41d8cd98f00b204e9800998ecf8427e', 1, '2022'),
(914, 'Ann-Marie', 'Witherspoon', 'MedId1757', 'd41d8cd98f00b204e9800998ecf8427e', 1, '2022'),
(926, 'A', 'Student', 'MedId2154', 'd41d8cd98f00b204e9800998ecf8427e', 1, '2022'),
(927, 'heera', 'upreti', 'MedId2146', 'd41d8cd98f00b204e9800998ecf8427e', 1, '2022'),
(928, 'aylin', 'onofre', 'MedId2150', 'd41d8cd98f00b204e9800998ecf8427e', 1, '2022'),
(929, 'Noelani', 'Sebesta', 'MedId2312', 'd41d8cd98f00b204e9800998ecf8427e', 1, '2022'),
(930, 'Sila', 'Upreti', 'MedId2236', 'd41d8cd98f00b204e9800998ecf8427e', 1, '2022'),
(931, 'Vincent', 'Masenge', 'MedId2070', 'd41d8cd98f00b204e9800998ecf8427e', 1, '2022'),
(932, 'Chandra ', 'Thapa', 'MedId2075', 'd41d8cd98f00b204e9800998ecf8427e', 1, '2022'),
(933, 'Kate', 'Teague', 'MedId2239', 'd41d8cd98f00b204e9800998ecf8427e', 1, '2022'),
(934, 'Taylor', 'Mable', 'MedId2316', 'd41d8cd98f00b204e9800998ecf8427e', 1, '2022'),
(935, 'Christopher', 'Deibler', 'MedId2071', 'd41d8cd98f00b204e9800998ecf8427e', 1, '2022'),
(936, 'Noemi', 'Minker', 'MedId2207', 'd41d8cd98f00b204e9800998ecf8427e', 1, '2022'),
(937, 'Jelisa', 'Perez', 'MedId2157', 'd41d8cd98f00b204e9800998ecf8427e', 1, '2022'),
(938, 'Esmilse', 'Rodriguez', 'MedId2235', 'd41d8cd98f00b204e9800998ecf8427e', 1, '2022'),
(939, 'Ashley', 'Leonard', 'MedId2142', 'd41d8cd98f00b204e9800998ecf8427e', 1, '2022'),
(940, 'Sarah', 'Shollenberger', 'MedId2231', 'd41d8cd98f00b204e9800998ecf8427e', 1, '2022'),
(941, 'fred', 'thorpe', 'MedId2046', 'd41d8cd98f00b204e9800998ecf8427e', 1, '2022'),
(942, 'Chris', 'Williams', 'MedId2203', 'd41d8cd98f00b204e9800998ecf8427e', 1, '2022'),
(943, 'Rosa', 'Loeung', 'MedId2062', 'd41d8cd98f00b204e9800998ecf8427e', 1, '2022'),
(944, 'Jarod', 'Taylor', 'MedId2059', 'd41d8cd98f00b204e9800998ecf8427e', 1, '2022'),
(945, 'Michele', 'Rebman', 'MedId2050', '81dc9bdb52d04dc20036dbd8313ed055', 1, '2022'),
(946, 'Emmanuel', 'Mbokolo', 'MedId2058', 'd41d8cd98f00b204e9800998ecf8427e', 1, '2022'),
(947, 'Maggie', 'Breslin', 'MedId2007', 'd41d8cd98f00b204e9800998ecf8427e', 1, '2022'),
(948, 'Megan', 'Wolf', 'MedId2003', 'd41d8cd98f00b204e9800998ecf8427e', 1, '2022'),
(949, 'Markiea', 'Kemp', 'MedId2047', 'd41d8cd98f00b204e9800998ecf8427e', 1, '2022'),
(950, 'Mayela', 'Torres', 'MedId2019', 'd41d8cd98f00b204e9800998ecf8427e', 1, '2022'),
(951, 'Silvia', 'Almonte', 'MedId2051', 'd41d8cd98f00b204e9800998ecf8427e', 1, '2022'),
(952, 'Samantha', 'Carey', 'MedId2055', 'd41d8cd98f00b204e9800998ecf8427e', 1, '2022'),
(953, 'Isaac', 'Pina Plata', 'MedId2054', 'd41d8cd98f00b204e9800998ecf8427e', 1, '2022'),
(954, 'Rosie ', 'Shelly', 'MedId2011', 'd41d8cd98f00b204e9800998ecf8427e', 1, '2022'),
(955, 'jessie', 'woodworth', 'MedId2015', 'd41d8cd98f00b204e9800998ecf8427e', 1, '2022'),
(956, 'Mubanga', 'Sichinga', 'MedId2031', 'd41d8cd98f00b204e9800998ecf8427e', 1, '2022'),
(957, 'ebrima', 'sowe', 'MedId2199', 'd41d8cd98f00b204e9800998ecf8427e', 1, '2022'),
(958, 'Joyce', 'Wesley', 'MedId2027', 'd41d8cd98f00b204e9800998ecf8427e', 1, '2022'),
(959, 'Kelonie', 'Brookin', 'MedId2134', 'd41d8cd98f00b204e9800998ecf8427e', 1, '2022'),
(960, 'Betelihem', 'Habtegiorgis', 'MedId2130', 'd41d8cd98f00b204e9800998ecf8427e', 1, '2022'),
(961, 'mia', 'standish', 'MedId2114', 'd41d8cd98f00b204e9800998ecf8427e', 1, '2022'),
(962, 'Manpreet', 'Kullar', 'MedId2110', 'd41d8cd98f00b204e9800998ecf8427e', 1, '2022'),
(963, 'katerina', 'Temirov', 'MedId2138', 'd5c186983b52c4551ee00f72316c6eaa', 1, '2022'),
(964, 'rachel', 'pierce', 'MedId2118', 'd41d8cd98f00b204e9800998ecf8427e', 1, '2022'),
(965, 'toni', 'mccoy', 'MedId2122', 'd41d8cd98f00b204e9800998ecf8427e', 1, '2022'),
(966, 'Abryana', 'Sanchez', 'MedId2126', 'd41d8cd98f00b204e9800998ecf8427e', 1, '2022'),
(967, 'jaden', 'myers', 'MedId2101', '717729ce391c20ef3e722c3e6ef79a58', 1, '2022'),
(968, 'Paige', 'Smeltzer', 'MedId2106', 'd41d8cd98f00b204e9800998ecf8427e', 1, '2022'),
(969, 'Ari', 'Vaziri', 'MedId2149', 'd41d8cd98f00b204e9800998ecf8427e', 1, '2022'),
(970, 'JaKya', 'Hall', 'MedId2153', 'd41d8cd98f00b204e9800998ecf8427e', 1, '2022'),
(971, 'Mya', 'Mahlandt', 'MedId2144', 'd41d8cd98f00b204e9800998ecf8427e', 1, '2022'),
(972, 'Gabby', 'Bitts', 'MedId2145', 'd41d8cd98f00b204e9800998ecf8427e', 1, '2022'),
(973, 'ban', 'fru', 'MedId2307', 'd41d8cd98f00b204e9800998ecf8427e', 1, '2022'),
(974, 'Vanessa', 'Echevarria', 'MedId2152', 'd41d8cd98f00b204e9800998ecf8427e', 1, '2022'),
(975, 'Lydia', 'Hershberger', 'MedId2148', 'd41d8cd98f00b204e9800998ecf8427e', 1, '2022'),
(976, 'Robert', 'Esbensen', 'MedId2156', 'd41d8cd98f00b204e9800998ecf8427e', 1, '2022'),
(977, 'Heidi', 'Geltmacher', 'MedId2311', 'd41d8cd98f00b204e9800998ecf8427e', 1, '2022'),
(978, 'Asmita', 'Adhikari', 'MedId2043', 'd41d8cd98f00b204e9800998ecf8427e', 1, '2022'),
(979, 'Carly', 'Groff', 'MedId2035', 'd41d8cd98f00b204e9800998ecf8427e', 1, '2022'),
(980, 'Madeline', 'LeMasters', 'MedId2299', 'd41d8cd98f00b204e9800998ecf8427e', 1, '2022'),
(981, 'Emily ', 'Folker', 'MedId2232', 'd41d8cd98f00b204e9800998ecf8427e', 1, '2022'),
(982, 'Trisha', 'Given', 'MedId2303', 'd41d8cd98f00b204e9800998ecf8427e', 1, '2022'),
(983, 'Nancy', 'Girard', 'MedId2223', 'd41d8cd98f00b204e9800998ecf8427e', 1, '2022'),
(984, 'Amber', 'Donohue', 'MedId2230', 'd41d8cd98f00b204e9800998ecf8427e', 1, '2022'),
(985, 'Melody', 'Bellosi', 'MedId2318', 'd41d8cd98f00b204e9800998ecf8427e', 1, '2022'),
(986, 'Jamie', 'May', 'MedId2238', 'd41d8cd98f00b204e9800998ecf8427e', 1, '2022'),
(987, 'Nakita', 'Dobbin', 'MedId2222', '3db11d259a9db7fb8965bdf25ec850b9', 1, '2022'),
(988, 'Jourdyn', 'Alford', 'MedId2227', 'd41d8cd98f00b204e9800998ecf8427e', 1, '2022'),
(989, 'Stephanie', 'Cruz', 'MedId2109', '681a23b0649e61ca572cb5bb8db206ec', 1, '2022'),
(990, 'Amanda', 'Reichardt', 'MedId2308', '9ed017d7372360c256add7a8fe35a0a6', 1, '2022'),
(991, 'Eva-Marie', 'Powers', 'MedId2295', '3cfacd1beeeb00db3c2afc128dc13b7c', 1, '2022'),
(992, 'Emlee', 'Charles', 'MedId2097', 'cc1d60fc967b66b66229205d7bb288e8', 1, '2022'),
(993, 'Alexis', 'Bobarsky', 'MedId2113', 'd41d8cd98f00b204e9800998ecf8427e', 1, '2022'),
(994, 'Sierra ', 'White', 'MedId2105', 'c00193e70e8e27e70601b26161b4ae86', 1, '2022'),
(995, 'Harley', 'Willman', 'MedId2093', '298923c8190045e91288b430794814c4', 1, '2022'),
(996, 'Sharma', 'Menard', 'MedId2304', 'a591024321c5e2bdbd23ed35f0574dde', 1, '2022'),
(997, 'Anna', 'Stickler', 'MedId2089', 'e6c4449bcfd592112d927f85d4d44e60', 1, '2022'),
(998, 'Jessica', 'Breneman', 'MedId2300', '6b180037abbebea991d8b1232f8a8ca9', 1, '2022'),
(999, 'Zachary', 'Minneci', 'MedId2085', '86309cb7d4819ee8f927f92a4dea1374', 1, '2022'),
(1000, 'Marisa', 'May', 'MedId2140', '7d9a22c8598378bd6bb67584611867f7', 1, '2022'),
(1001, 'carolyn', 'woods', 'MedId2080', '164cc88744837aadfd7c50cbd7fe4f92', 1, '2022'),
(1002, 'Kelsey', 'McFalls', 'MedId2128', '81dc9bdb52d04dc20036dbd8313ed055', 1, '2022'),
(1003, 'Natasha', 'Ringgold', 'MedId2084', 'de9240f5c623bf031dcf0fca9770db44', 1, '2022'),
(1004, 'Alyssa', 'Sites', 'MedId2132', '6b050305727cf58f619ee76f40697abf', 1, '2022'),
(1005, 'Xandra', 'Moyer', 'MedId2234', '147702db07145348245dc5a2f2fe5683', 1, '2022'),
(1006, 'Vanessa', 'Porcopio', 'MedId2141', 'b59c67bf196a4758191e42f76670ceba', 1, '2022'),
(1007, 'Kylie', 'Snyder', 'MedId2081', '81dc9bdb52d04dc20036dbd8313ed055', 1, '2022'),
(1008, 'Halie ', 'Rineer', 'MedId2243', '33ceb07bf4eeb3da587e268d663aba1a', 1, '2022'),
(1009, 'Elizabeth', 'Cobbold', 'MedId2136', '934b535800b1cba8f96a5d72f72f1611', 1, '2022'),
(1010, 'Brittany', 'Stoll', 'MedID1407', 'd41d8cd98f00b204e9800998ecf8427e', 1, '2022'),
(1011, 'Alexis', 'Stauffer', 'MedId2117', 'd41d8cd98f00b204e9800998ecf8427e', 1, '2022'),
(1012, 'Kayla', 'Clements', 'MedId2104', 'd41d8cd98f00b204e9800998ecf8427e', 1, '2022'),
(1013, 'Aspen', 'Leed', 'mEDiD2098', 'd41d8cd98f00b204e9800998ecf8427e', 1, '2022'),
(1014, 'Tavita ', 'Kauffman', 'MedId2228', 'd41d8cd98f00b204e9800998ecf8427e', 1, '2022'),
(1017, 'Nita', 'Sutter', 'MedId2224', 'd41d8cd98f00b204e9800998ecf8427e', 1, '2022'),
(1018, 'Elizabeth', 'Asch', 'MedId2216', 'd41d8cd98f00b204e9800998ecf8427e', 1, '2022'),
(1019, 'Amanda', 'Mullen', 'MedId2192', 'd41d8cd98f00b204e9800998ecf8427e', 1, '2022'),
(1020, 'Jamuna', 'Dulal', ' MedId2191', 'd41d8cd98f00b204e9800998ecf8427e', 1, '2022'),
(1022, 'Courtney', 'Geary', 'MedId2218', 'd41d8cd98f00b204e9800998ecf8427e', 1, '2022'),
(1023, 'Anna', 'Dunn', 'MedId2172', 'd41d8cd98f00b204e9800998ecf8427e', 1, '2022'),
(1024, 'Jazmin', 'Guzman', 'MedId2187', 'd41d8cd98f00b204e9800998ecf8427e', 1, '2022'),
(1025, 'bhawana', 'baskota', ' MedId2165', 'd41d8cd98f00b204e9800998ecf8427e', 1, '2022'),
(1027, 'Kiauna', 'Alfaro', 'MedId2161', 'd41d8cd98f00b204e9800998ecf8427e', 1, '2022'),
(1029, 'Yashoda', 'Adhikari', 'MedId2214', 'd41d8cd98f00b204e9800998ecf8427e', 1, '2022'),
(1030, 'mirtha', 'batista', 'MedId2160', 'd41d8cd98f00b204e9800998ecf8427e', 1, '2022'),
(1031, 'Kaitlyn', 'Cooley', 'MedId2183', 'd41d8cd98f00b204e9800998ecf8427e', 1, '2022'),
(1032, 'Alexis', 'Benner', 'MedId2168', 'd41d8cd98f00b204e9800998ecf8427e', 1, '2022'),
(1033, 'Elizabeth', 'Cobbold', 'MedId2169', 'd41d8cd98f00b204e9800998ecf8427e', 1, '2022'),
(1035, 'Maggie', 'wang', 'MedID1372', 'd41d8cd98f00b204e9800998ecf8427e', 1, '2022'),
(1046, 'Howard', 'Coverdale', '777', 'd41d8cd98f00b204e9800998ecf8427e', 7, '2022');

--
-- Indexes for dumped tables
--

--
-- Indexes for table `auth`
--
ALTER TABLE `auth`
  ADD PRIMARY KEY (`id`);

--
-- Indexes for table `drugs`
--
ALTER TABLE `drugs`
  ADD PRIMARY KEY (`id`);

--
-- Indexes for table `drug_admins`
--
ALTER TABLE `drug_admins`
  ADD PRIMARY KEY (`id`);

--
-- Indexes for table `drug_admins_or`
--
ALTER TABLE `drug_admins_or`
  ADD PRIMARY KEY (`id`);

--
-- Indexes for table `nurse_notes`
--
ALTER TABLE `nurse_notes`
  ADD PRIMARY KEY (`id`);

--
-- Indexes for table `or_report`
--
ALTER TABLE `or_report`
  ADD PRIMARY KEY (`id`);

--
-- Indexes for table `patients`
--
ALTER TABLE `patients`
  ADD PRIMARY KEY (`id`);

--
-- Indexes for table `patient_files`
--
ALTER TABLE `patient_files`
  ADD PRIMARY KEY (`id`);

--
-- Indexes for table `patient_vitals`
--
ALTER TABLE `patient_vitals`
  ADD PRIMARY KEY (`id`),
  ADD UNIQUE KEY `PatientID` (`PatientID`);

--
-- Indexes for table `users`
--
ALTER TABLE `users`
  ADD PRIMARY KEY (`id`);

--
-- AUTO_INCREMENT for dumped tables
--

--
-- AUTO_INCREMENT for table `auth`
--
ALTER TABLE `auth`
  MODIFY `id` int NOT NULL AUTO_INCREMENT, AUTO_INCREMENT=2;

--
-- AUTO_INCREMENT for table `drugs`
--
ALTER TABLE `drugs`
  MODIFY `id` int NOT NULL AUTO_INCREMENT, AUTO_INCREMENT=284;

--
-- AUTO_INCREMENT for table `drug_admins`
--
ALTER TABLE `drug_admins`
  MODIFY `id` int NOT NULL AUTO_INCREMENT, AUTO_INCREMENT=304;

--
-- AUTO_INCREMENT for table `drug_admins_or`
--
ALTER TABLE `drug_admins_or`
  MODIFY `id` int NOT NULL AUTO_INCREMENT, AUTO_INCREMENT=260;

--
-- AUTO_INCREMENT for table `nurse_notes`
--
ALTER TABLE `nurse_notes`
  MODIFY `id` int NOT NULL AUTO_INCREMENT, AUTO_INCREMENT=20;

--
-- AUTO_INCREMENT for table `or_report`
--
ALTER TABLE `or_report`
  MODIFY `id` int NOT NULL AUTO_INCREMENT, AUTO_INCREMENT=6;

--
-- AUTO_INCREMENT for table `patients`
--
ALTER TABLE `patients`
  MODIFY `id` int NOT NULL AUTO_INCREMENT, AUTO_INCREMENT=63;

--
-- AUTO_INCREMENT for table `patient_files`
--
ALTER TABLE `patient_files`
  MODIFY `id` int NOT NULL AUTO_INCREMENT, AUTO_INCREMENT=29;

--
-- AUTO_INCREMENT for table `patient_vitals`
--
ALTER TABLE `patient_vitals`
  MODIFY `id` int NOT NULL AUTO_INCREMENT, AUTO_INCREMENT=24;

--
-- AUTO_INCREMENT for table `users`
--
ALTER TABLE `users`
  MODIFY `id` int NOT NULL AUTO_INCREMENT, AUTO_INCREMENT=1047;
COMMIT;

/*!40101 SET CHARACTER_SET_CLIENT=@OLD_CHARACTER_SET_CLIENT */;
/*!40101 SET CHARACTER_SET_RESULTS=@OLD_CHARACTER_SET_RESULTS */;
/*!40101 SET COLLATION_CONNECTION=@OLD_COLLATION_CONNECTION */;
